version,category,title
,,Index
v0.43,Table of Contents,Accessibility in Metabase
v0.43,Administration Guide,Adding and managing databases
v0.43,Administration Guide,Setting up email
v0.43,Administration Guide,The Data Model page
v0.43,Administration Guide,Managing people and groups
v0.43,Administration Guide,Permissions overview
v0.43,Administration Guide,Collection permissions
v0.43,Administration Guide,Creating custom segments and metrics
v0.43,Administration Guide,General settings
v0.43,Administration Guide,Setting up Slack
v0.43,Administration Guide,Authenticating with Google Sign-In or LDAP
v0.43,Administration Guide,Sharing and embedding dashboards or questions
v0.43,Administration Guide,Embedding Metabase in other applications
v0.43,Administration Guide,Caching query results
v0.43,Administration Guide,White labeling Metabase
v0.43,Administration Guide,Authenticating with SAML
v0.43,Administration Guide,Sandboxing your data
v0.43,Administration Guide,JWT-based Authentication
v0.43,Administration Guide,Setting default formatting for your data
v0.43,Administration Guide,Custom maps
v0.43,Administration Guide,Application permissions
v0.43,Administration Guide,Data permissions
v0.43,Administration Guide,Connecting to AWS's Relational Database Service (RDS)
v0.43,Administration Guide,Working with Google BigQuery in Metabase
v0.43,Administration Guide,Working with Google Analytics in Metabase
v0.43,Administration Guide,H2
v0.43,Administration Guide,Working with MongoDB in Metabase
v0.43,Administration Guide,Working with MySQL in Metabase
v0.43,Administration Guide,Working with Oracle in Metabase
v0.43,Administration Guide,Connecting to a PostgreSQL database
v0.43,Administration Guide,Redshift
v0.43,Administration Guide,Snowflake
v0.43,Administration Guide,Working with Vertica in Metabase
v0.43,Administration Guide,Languages and localization
v0.43,Administration Guide,Securing database connections using an SSL certificate
v0.43,Administration Guide,SSH tunneling in Metabase
v0.43,Administration Guide,Setting up Single Sign-on (SSO)
v0.43,Administration Guide,Administration guide
v0.43,Administration Guide,Supported browsers
v0.43,Table of Contents,API Documentation
v0.43,Api,Activity
v0.43,Api,Alert
v0.43,Api,Automagic dashboards
v0.43,Api,Bookmark
v0.43,Api,Card
v0.43,Api,Collection
v0.43,Api,Dashboard
v0.43,Api,Database
v0.43,Api,Dataset
v0.43,Api,Advanced permissions application
v0.43,Api,Audit app user
v0.43,Api,Content management review
v0.43,Api,Sandbox GTAP
v0.43,Api,Sandbox table
v0.43,Api,Sandbox user
v0.43,Api,SSO
v0.43,Api,Email
v0.43,Api,Embed
v0.43,Api,Field
v0.43,Api,GeoJSON
v0.43,Api,LDAP
v0.43,Api,Login history
v0.43,Api,Metric
v0.43,Api,Native query snippet
v0.43,Api,Notify
v0.43,Api,Permissions
v0.43,Api,Premium features
v0.43,Api,Preview embed
v0.43,Api,Public
v0.43,Api,Pulse
v0.43,Api,Revision
v0.43,Api,Search
v0.43,Api,Segment
v0.43,Api,Session
v0.43,Api,Setting
v0.43,Api,Setup
v0.43,Api,Slack
v0.43,Api,Table
v0.43,Api,Task
v0.43,Api,Tiles
v0.43,Api,Timeline event
v0.43,Api,Timeline
v0.43,Api,Transform
v0.43,Api,User
v0.43,Api,Util
v0.43,Table of Contents,Code reviews
v0.43,Table of Contents,Thank you
v0.43,Table of Contents,Partner and community drivers
v0.43,Table of Contents,Developer's guide
v0.43,Developers Guide,Building Metabase
v0.43,Developers Guide,Working with Clojure
v0.43,Developers Guide,Contributing
v0.43,Developers Guide,How to run a development branch of Metabase using Docker
v0.43,Developers Guide,Development environment
v0.43,Developers Guide,Driver interface changelog
v0.43,Developers Guide,Database driver basics
v0.43,Developers Guide,Submitting a PR for a new driver
v0.43,Developers Guide,Implementing multimethods for your driver
v0.43,Developers Guide,Plugin manifests
v0.43,Developers Guide,Guide to writing a Metabase driver
v0.43,Developers Guide,End-to-end tests with Cypress
v0.43,Developers Guide,Developing Metabase with Emacs
v0.43,Developers Guide,Frontend
v0.43,Developers Guide,Internationalization
v0.43,Developers Guide,Developer's Guide
v0.43,Developers Guide,Developing with Visual Studio Code
v0.43,Developers Guide,Visual Tests
v0.43,Enterprise Guide,Activating your Metabase commercial license
v0.43,Enterprise Guide,Audit logs
v0.43,Enterprise Guide,JWT-based authentication
v0.43,Enterprise Guide,Using Azure AD as the Identity Provider with Metabase and SAML
v0.43,Enterprise Guide,Authenticating with SAML
v0.43,Enterprise Guide,Advanced caching controls
v0.43,Enterprise Guide,Interactive dashboards
v0.43,Enterprise Guide,Customize filter values for each dashboard subscription
v0.43,Enterprise Guide,Data sandboxes
v0.43,Enterprise Guide,Embedding all of Metabase in your web app
v0.43,Enterprise Guide,Setting up SAML with Auth0
v0.43,Enterprise Guide,Setting up SAML with Google
v0.43,Enterprise Guide,Setting up SAML with Keycloak
v0.43,Enterprise Guide,Serialization: copying contents of one Metabase instance to another
v0.43,Enterprise Guide,SQL snippet folders and permissions
v0.43,Enterprise Guide,Enterprise and Pro plans
v0.43,Enterprise Guide,Admin tools
v0.43,Enterprise Guide,White labeling Metabase
v0.43,Table of Contents,About the information we collect
v0.43,Operations Guide,Advanced topics for running Metabase on Elastic Beanstalk
v0.43,Operations Guide,Backing up Metabase application data
v0.43,Operations Guide,Changing Metabase password complexity
v0.43,Operations Guide,Changing session expiration
v0.43,Operations Guide,Configuring the Metabase application aatabase
v0.43,Operations Guide,Creating RDS database on AWS
v0.43,Operations Guide,Customizing the Metabase Jetty webserver
v0.43,Operations Guide,Monitoring your Metabase
v0.43,Operations Guide,Encrypting your database connection details at rest
v0.43,Operations Guide,Environment variables
v0.43,Operations Guide,Handling timezones in Metabase
v0.43,Operations Guide,Installing Metabase
v0.43,Operations Guide,Java Versions
v0.43,Operations Guide,Monitoring via JMX
v0.43,Operations Guide,Metabase logs
v0.43,Operations Guide,Migrating from the default H2 database to a production database
v0.43,Operations Guide,Running Metabase on Microsoft Azure
v0.43,Operations Guide,Running Metabase on Debian as a service with nginx
v0.43,Operations Guide,Running Metabase on Docker
v0.43,Operations Guide,Running Metabase on AWS Elastic Beanstalk
v0.43,Operations Guide,Running Metabase on Heroku
v0.43,Operations Guide,Running Metabase database migrations manually
v0.43,Operations Guide,Running the Metabase JAR file
v0.43,Operations Guide,Operations Guide
v0.43,Operations Guide,Upgrading Metabase
v0.43,Table of Contents,Privacy
v0.43,Table of Contents,Getting started
v0.43,Table of Contents,Setting up Metabase
v0.43,Troubleshooting Guide,Troubleshooting BigQuery and Google Drive connections in Metabase
v0.43,Troubleshooting Guide,Reporting a bug
v0.43,Troubleshooting Guide,People can't log in to Metabase
v0.43,Troubleshooting Guide,I can't see my tables
v0.43,Troubleshooting Guide,Metabase isn't sending email
v0.43,Troubleshooting Guide,Connecting to databases
v0.43,Troubleshooting Guide,Running Metabase on Docker
v0.43,Troubleshooting Guide,Troubleshooting error messages
v0.43,Troubleshooting Guide,My dashboard filters don't work
v0.43,Troubleshooting Guide,What are you having trouble with?
v0.43,Troubleshooting Guide,LDAP
v0.43,Troubleshooting Guide,My linked filters don't work
v0.43,Troubleshooting Guide,Using or migrating from an H2 application database
v0.43,Troubleshooting Guide,My dashboard is slow
v0.43,Troubleshooting Guide,Fixing permissions issues
v0.43,Troubleshooting Guide,"Can't save questions or dashboards, or getting a blank page"
v0.43,Troubleshooting Guide,How to request new features
v0.43,Troubleshooting Guide,Running Metabase
v0.43,Troubleshooting Guide,Troubleshooting SAML authentication setup
v0.43,Troubleshooting Guide,Troubleshooting sandbox access to rows and columns
v0.43,Troubleshooting Guide,How to read the server logs
v0.43,Troubleshooting Guide,Troubleshooting SQL questions
v0.43,Troubleshooting Guide,Troubleshooting syncs and scans
v0.43,Troubleshooting Guide,The dates and times in my questions and charts are wrong
v0.43,Users Guide,What is Metabase?
v0.43,Users Guide,Exploring in Metabase
v0.43,Users Guide,Asking questions
v0.43,Users Guide,Visualizing results
v0.43,Users Guide,Saving and editing your questions
v0.43,Users Guide,Dashboards
v0.43,Users Guide,Dashboard filters
v0.43,Users Guide,Charts with multiple series
v0.43,Users Guide,Data reference
v0.43,Users Guide,SQL variables
v0.43,Users Guide,X-rays
v0.43,Users Guide,Getting alerts about questions
v0.43,Users Guide,Account settings
v0.43,Users Guide,Collections
v0.43,Users Guide,Dashboard subscriptions
v0.43,Users Guide,Events and timelines
v0.43,Users Guide,List of expressions
v0.43,Users Guide,Custom expressions in the query builder
v0.43,Users Guide,Field types in Metabase
v0.43,Users Guide,Interactive dashboards
v0.43,Users Guide,Joining data
v0.43,Users Guide,Models
v0.43,Users Guide,Referencing models and saved questions in SQL queries
v0.43,Users Guide,SQL snippets
v0.43,Users Guide,User guide
v0.43,Users Guide,The SQL editor
v0.12,Administration-Guide,01 Managing Databases
v0.12,Administration-Guide,02 Setting Up Email
v0.12,Administration-Guide,03 Metadata Editing
v0.12,Administration-Guide,04 Managing Users
v0.12,Administration-Guide,06 Configuration Settings
v0.12,Administration-Guide,Start
v0.12,Table of Contents,Data Warehousing
v0.12,Table of Contents,Developers Guide Osx
v0.12,Table of Contents,Developers Guide
v0.12,Table of Contents,Getting Started
v0.12,Table of Contents,Information Collection
v0.12,Operations-Guide,Backing Up the Metabase Database
v0.12,Operations-Guide,Running Metabase on Docker
v0.12,Operations-Guide,Running Metabase on Elastic Beanstalk
v0.12,Operations-Guide,Running Metabase on Heroku
v0.12,Operations-Guide,Running the Metabase Jar File
v0.12,Operations-Guide,Running the Metabase Mac App
v0.12,Operations-Guide,Start
v0.12,Table of Contents,README
v0.12,Table of Contents,Setting Up Metabase
v0.12,Users-Guide,01 What Is Metabase
v0.12,Users-Guide,02 Database Basics
v0.12,Users-Guide,03 Asking Questions
v0.12,Users-Guide,04 Visualizing Results
v0.12,Users-Guide,05 Sharing Answers
v0.12,Users-Guide,06 Dashboard Tips
v0.12,Users-Guide,07 Data Model Reference
v0.12,Users-Guide,Start
v0.13,Administration-Guide,01 Managing Databases
v0.13,Administration-Guide,02 Setting Up Email
v0.13,Administration-Guide,03 Metadata Editing
v0.13,Administration-Guide,04 Managing Users
v0.13,Administration-Guide,06 Configuration Settings
v0.13,Administration-Guide,07 Setting Up Slack
v0.13,Administration-Guide,Start
v0.13,Table of Contents,Data Warehousing
v0.13,Table of Contents,Developers Guide Osx
v0.13,Table of Contents,Developers Guide
v0.13,Table of Contents,Getting Started
v0.13,Table of Contents,Information Collection
v0.13,Operations-Guide,Running Metabase on Docker
v0.13,Operations-Guide,Running Metabase on Elastic Beanstalk
v0.13,Operations-Guide,Running Metabase on Heroku
v0.13,Operations-Guide,Running the Metabase Jar File
v0.13,Operations-Guide,Running the Metabase Mac App
v0.13,Operations-Guide,Start
v0.13,Table of Contents,README
v0.13,Table of Contents,Setting Up Metabase
v0.13,Users-Guide,01 What Is Metabase
v0.13,Users-Guide,02 Database Basics
v0.13,Users-Guide,03 Asking Questions
v0.13,Users-Guide,04 Visualizing Results
v0.13,Users-Guide,05 Sharing Answers
v0.13,Users-Guide,06 Dashboard Tips
v0.13,Users-Guide,07 Pulses
v0.13,Users-Guide,08 Data Model Reference
v0.13,Users-Guide,Start
v0.14,Administration-Guide,01 Managing Databases
v0.14,Administration-Guide,02 Setting Up Email
v0.14,Administration-Guide,03 Metadata Editing
v0.14,Administration-Guide,04 Managing Users
v0.14,Administration-Guide,05 Segments and Metrics 
v0.14,Administration-Guide,06 Configuration Settings
v0.14,Administration-Guide,07 Setting Up Slack
v0.14,Administration-Guide,Start
v0.14,Table of Contents,Data Warehousing
v0.14,Table of Contents,Developers Guide Osx
v0.14,Table of Contents,Developers Guide
v0.14,Table of Contents,Getting Started
v0.14,Table of Contents,Information Collection
v0.14,Operations-Guide,Running Metabase on Docker
v0.14,Operations-Guide,Running Metabase on Elastic Beanstalk
v0.14,Operations-Guide,Running Metabase on Heroku
v0.14,Operations-Guide,Running the Metabase Jar File
v0.14,Operations-Guide,Running the Metabase Mac App
v0.14,Operations-Guide,Start
v0.14,Table of Contents,README
v0.14,Table of Contents,Setting Up Metabase
v0.14,Users-Guide,01 What Is Metabase
v0.14,Users-Guide,02 Database Basics
v0.14,Users-Guide,03 Asking Questions
v0.14,Users-Guide,04 Visualizing Results
v0.14,Users-Guide,05 Sharing Answers
v0.14,Users-Guide,06 Dashboard Tips
v0.14,Users-Guide,07 Pulses
v0.14,Users-Guide,08 Data Model Reference
v0.14,Users-Guide,Start
v0.15,Administration-Guide,01 Managing Databases
v0.15,Administration-Guide,02 Setting Up Email
v0.15,Administration-Guide,03 Metadata Editing
v0.15,Administration-Guide,04 Managing Users
v0.15,Administration-Guide,05 Segments and Metrics
v0.15,Administration-Guide,06 Configuration Settings
v0.15,Administration-Guide,07 Setting Up Slack
v0.15,Administration-Guide,Databases
v0.15,Administration-Guide,Start
v0.15,Table of Contents,Data Warehousing
v0.15,Table of Contents,Developers Guide Osx
v0.15,Table of Contents,Developers Guide
v0.15,Table of Contents,Getting Started
v0.15,Table of Contents,Information Collection
v0.15,Operations-Guide,Running Metabase on Cloud66
v0.15,Operations-Guide,Running Metabase on Docker
v0.15,Operations-Guide,Running Metabase on Elastic Beanstalk
v0.15,Operations-Guide,Running Metabase on Heroku
v0.15,Operations-Guide,Running the Metabase Jar File
v0.15,Operations-Guide,Running the Metabase Mac App
v0.15,Operations-Guide,Start
v0.15,Table of Contents,README
v0.15,Table of Contents,Setting Up Metabase
v0.15,Users-Guide,01 What Is Metabase
v0.15,Users-Guide,02 Database Basics
v0.15,Users-Guide,03 Asking Questions
v0.15,Users-Guide,04 Visualizing Results
v0.15,Users-Guide,05 Sharing Answers
v0.15,Users-Guide,06 Dashboard Tips
v0.15,Users-Guide,07 Pulses
v0.15,Users-Guide,08 Data Model Reference
v0.15,Users-Guide,09 Multi Series Charting
v0.15,Users-Guide,Start
v0.16,Administration-Guide,01 Managing Databases
v0.16,Administration-Guide,02 Setting Up Email
v0.16,Administration-Guide,03 Metadata Editing
v0.16,Administration-Guide,04 Managing Users
v0.16,Administration-Guide,05 Segments and Metrics
v0.16,Administration-Guide,06 Configuration Settings
v0.16,Administration-Guide,07 Setting Up Slack
v0.16,Administration-Guide,Databases
v0.16,Administration-Guide,Start
v0.16,Table of Contents,Contributing
v0.16,Table of Contents,Data Warehousing
v0.16,Table of Contents,Developers Guide Osx
v0.16,Table of Contents,Developers Guide
v0.16,Table of Contents,Getting Started
v0.16,Table of Contents,Information Collection
v0.16,Operations-Guide,Running Metabase on Cloud66
v0.16,Operations-Guide,Running Metabase on Docker
v0.16,Operations-Guide,Running Metabase on Elastic Beanstalk
v0.16,Operations-Guide,Running Metabase on Heroku
v0.16,Operations-Guide,Running the Metabase Jar File
v0.16,Operations-Guide,Running the Metabase Mac App
v0.16,Operations-Guide,Start
v0.16,Table of Contents,README
v0.16,Table of Contents,Setting Up Metabase
v0.16,Users-Guide,01 What Is Metabase
v0.16,Users-Guide,02 Database Basics
v0.16,Users-Guide,03 Asking Questions
v0.16,Users-Guide,04 Visualizing Results
v0.16,Users-Guide,05 Sharing Answers
v0.16,Users-Guide,06 Dashboard Tips
v0.16,Users-Guide,07 Pulses
v0.16,Users-Guide,08 Data Model Reference
v0.16,Users-Guide,09 Multi Series Charting
v0.16,Users-Guide,10 Metabot
v0.16,Users-Guide,Start
v0.17,Administration-Guide,01 Managing Databases
v0.17,Administration-Guide,02 Setting Up Email
v0.17,Administration-Guide,03 Metadata Editing
v0.17,Administration-Guide,04 Managing Users
v0.17,Administration-Guide,05 Segments and Metrics
v0.17,Administration-Guide,06 Configuration Settings
v0.17,Administration-Guide,07 Setting Up Slack
v0.17,Administration-Guide,Databases
v0.17,Administration-Guide,Start
v0.17,Table of Contents,Contributing
v0.17,Table of Contents,Data Warehousing
v0.17,Table of Contents,Developers Guide Osx
v0.17,Table of Contents,Developers Guide
v0.17,Table of Contents,Getting Started
v0.17,Table of Contents,Information Collection
v0.17,Operations-Guide,Running Metabase on Cloud66
v0.17,Operations-Guide,Running Metabase on Docker
v0.17,Operations-Guide,Running Metabase on Elastic Beanstalk
v0.17,Operations-Guide,Running Metabase on Heroku
v0.17,Operations-Guide,Running the Metabase Jar File
v0.17,Operations-Guide,Running the Metabase Mac App
v0.17,Operations-Guide,Start
v0.17,Table of Contents,README
v0.17,Table of Contents,Setting Up Metabase
v0.17,Users-Guide,01 What Is Metabase
v0.17,Users-Guide,02 Database Basics
v0.17,Users-Guide,03 Asking Questions
v0.17,Users-Guide,04 Visualizing Results
v0.17,Users-Guide,05 Sharing Answers
v0.17,Users-Guide,06 Dashboard Tips
v0.17,Users-Guide,07 Pulses
v0.17,Users-Guide,08 Data Model Reference
v0.17,Users-Guide,09 Multi Series Charting
v0.17,Users-Guide,10 Metabot
v0.17,Users-Guide,Start
v0.18,Administration-Guide,01 Managing Databases
v0.18,Administration-Guide,02 Setting Up Email
v0.18,Administration-Guide,03 Metadata Editing
v0.18,Administration-Guide,04 Managing Users
v0.18,Administration-Guide,05 Segments and Metrics
v0.18,Administration-Guide,06 Configuration Settings
v0.18,Administration-Guide,07 Setting Up Slack
v0.18,Administration-Guide,Databases
v0.18,Administration-Guide,Start
v0.18,Table of Contents,Code Reviews
v0.18,Table of Contents,Contributing
v0.18,Table of Contents,Data Warehousing
v0.18,Table of Contents,Developers Guide Osx
v0.18,Table of Contents,Developers Guide
v0.18,Table of Contents,Getting Started
v0.18,Table of Contents,Information Collection
v0.18,Operations-Guide,Running Metabase on Cloud66
v0.18,Operations-Guide,Running Metabase on Docker
v0.18,Operations-Guide,Running Metabase on Elastic Beanstalk
v0.18,Operations-Guide,Running Metabase on Heroku
v0.18,Operations-Guide,Running the Metabase Jar File
v0.18,Operations-Guide,Running the Metabase Mac App
v0.18,Operations-Guide,Start
v0.18,Table of Contents,README
v0.18,Table of Contents,Setting Up Metabase
v0.18,Users-Guide,01 What Is Metabase
v0.18,Users-Guide,02 Database Basics
v0.18,Users-Guide,03 Asking Questions
v0.18,Users-Guide,04 Visualizing Results
v0.18,Users-Guide,05 Sharing Answers
v0.18,Users-Guide,06 Dashboards
v0.18,Users-Guide,07 Dashboard Filters
v0.18,Users-Guide,08 Multi Series Charting
v0.18,Users-Guide,09 Pulses
v0.18,Users-Guide,10 Metabot
v0.18,Users-Guide,11 Data Model Reference
v0.18,Users-Guide,Start
v0.19,Administration-Guide,01 Managing Databases
v0.19,Administration-Guide,02 Setting Up Email
v0.19,Administration-Guide,03 Metadata Editing
v0.19,Administration-Guide,04 Managing Users
v0.19,Administration-Guide,05 Segments and Metrics
v0.19,Administration-Guide,06 Configuration Settings
v0.19,Administration-Guide,07 Setting Up Slack
v0.19,Administration-Guide,08 Single Sign On
v0.19,Administration-Guide,Databases
v0.19,Administration-Guide,Start
v0.19,Table of Contents,Code Reviews
v0.19,Table of Contents,Contributing
v0.19,Table of Contents,Data Warehousing
v0.19,Table of Contents,Developers Guide Osx
v0.19,Table of Contents,Developers Guide
v0.19,Table of Contents,Faq
v0.19,Table of Contents,Getting Started
v0.19,Table of Contents,Information Collection
v0.19,Operations-Guide,Running Metabase on Cloud66
v0.19,Operations-Guide,Running Metabase on Docker
v0.19,Operations-Guide,Running Metabase on Elastic Beanstalk
v0.19,Operations-Guide,Running Metabase on Heroku
v0.19,Operations-Guide,Running the Metabase Jar File
v0.19,Operations-Guide,Running the Metabase Mac App
v0.19,Operations-Guide,Start
v0.19,Table of Contents,README
v0.19,Table of Contents,Setting Up Metabase
v0.19,Users-Guide,01 What Is Metabase
v0.19,Users-Guide,02 Database Basics
v0.19,Users-Guide,03 Asking Questions
v0.19,Users-Guide,04 Visualizing Results
v0.19,Users-Guide,05 Sharing Answers
v0.19,Users-Guide,06 Dashboards
v0.19,Users-Guide,07 Dashboard Filters
v0.19,Users-Guide,08 Multi Series Charting
v0.19,Users-Guide,09 Pulses
v0.19,Users-Guide,10 Metabot
v0.19,Users-Guide,11 Data Model Reference
v0.19,Users-Guide,12 Sql Parameters
v0.19,Users-Guide,Start
v0.20,Administration-Guide,01 Managing Databases
v0.20,Administration-Guide,02 Setting Up Email
v0.20,Administration-Guide,03 Metadata Editing
v0.20,Administration-Guide,04 Managing Users
v0.20,Administration-Guide,05 Setting Permissions
v0.20,Administration-Guide,06 Segments and Metrics
v0.20,Administration-Guide,07 Configuration Settings
v0.20,Administration-Guide,08 Setting Up Slack
v0.20,Administration-Guide,09 Single Sign On
v0.20,Administration-Guide,10 Getting Started Guide
v0.20,Administration-Guide,Databases
v0.20,Administration-Guide,Databases
v0.20,Administration-Guide,Start
v0.20,Table of Contents,Code Reviews
v0.20,Table of Contents,Contributing
v0.20,Table of Contents,Data Warehousing
v0.20,Table of Contents,Developers Guide Osx
v0.20,Table of Contents,Developers Guide
v0.20,Table of Contents,Faq
v0.20,Table of Contents,Getting Started
v0.20,Table of Contents,Information Collection
v0.20,Operations-Guide,Running Metabase on Cloud66
v0.20,Operations-Guide,Running Metabase on Docker
v0.20,Operations-Guide,Running Metabase on Elastic Beanstalk
v0.20,Operations-Guide,Running Metabase on Heroku
v0.20,Operations-Guide,Running the Metabase Jar File
v0.20,Operations-Guide,Running the Metabase Mac App
v0.20,Operations-Guide,Start
v0.20,Table of Contents,README
v0.20,Table of Contents,Setting Up Metabase
v0.20,Users-Guide,01 What Is Metabase
v0.20,Users-Guide,02 Database Basics
v0.20,Users-Guide,03 Asking Questions
v0.20,Users-Guide,04 Visualizing Results
v0.20,Users-Guide,05 Sharing Answers
v0.20,Users-Guide,06 Dashboards
v0.20,Users-Guide,07 Dashboard Filters
v0.20,Users-Guide,08 Multi Series Charting
v0.20,Users-Guide,09 Pulses
v0.20,Users-Guide,10 Metabot
v0.20,Users-Guide,11 Data Model Reference
v0.20,Users-Guide,12 Sql Parameters
v0.20,Users-Guide,Start
v0.21,Administration-Guide,01 Managing Databases
v0.21,Administration-Guide,02 Setting Up Email
v0.21,Administration-Guide,03 Metadata Editing
v0.21,Administration-Guide,04 Managing Users
v0.21,Administration-Guide,05 Setting Permissions
v0.21,Administration-Guide,06 Segments and Metrics
v0.21,Administration-Guide,07 Configuration Settings
v0.21,Administration-Guide,08 Setting Up Slack
v0.21,Administration-Guide,09 Single Sign On
v0.21,Administration-Guide,10 Getting Started Guide
v0.21,Administration-Guide,Databases
v0.21,Administration-Guide,Databases
v0.21,Administration-Guide,Databases
v0.21,Administration-Guide,Start
v0.21,Table of Contents,Api Documentation
v0.21,Table of Contents,Code Reviews
v0.21,Table of Contents,Contributing
v0.21,Table of Contents,Data Warehousing
v0.21,Table of Contents,Developers Guide Osx
v0.21,Table of Contents,Developers Guide
v0.21,Table of Contents,Faq
v0.21,Table of Contents,Getting Started
v0.21,Table of Contents,Information Collection
v0.21,Operations-Guide,Running Metabase on Cloud66
v0.21,Operations-Guide,Running Metabase on Docker
v0.21,Operations-Guide,Running Metabase on Elastic Beanstalk
v0.21,Operations-Guide,Running Metabase on Heroku
v0.21,Operations-Guide,Running the Metabase Jar File
v0.21,Operations-Guide,Running the Metabase Mac App
v0.21,Operations-Guide,Start
v0.21,Table of Contents,README
v0.21,Table of Contents,Setting Up Metabase
v0.21,Users-Guide,01 What Is Metabase
v0.21,Users-Guide,02 Database Basics
v0.21,Users-Guide,03 Asking Questions
v0.21,Users-Guide,04 Visualizing Results
v0.21,Users-Guide,05 Sharing Answers
v0.21,Users-Guide,06 Dashboards
v0.21,Users-Guide,07 Dashboard Filters
v0.21,Users-Guide,08 Multi Series Charting
v0.21,Users-Guide,09 Pulses
v0.21,Users-Guide,10 Metabot
v0.21,Users-Guide,11 Data Model Reference
v0.21,Users-Guide,12 Sql Parameters
v0.21,Users-Guide,Start
v0.22,Administration-Guide,01 Managing Databases
v0.22,Administration-Guide,02 Setting Up Email
v0.22,Administration-Guide,03 Metadata Editing
v0.22,Administration-Guide,04 Managing Users
v0.22,Administration-Guide,05 Setting Permissions
v0.22,Administration-Guide,06 Collections
v0.22,Administration-Guide,07 Segments and Metrics
v0.22,Administration-Guide,08 Configuration Settings
v0.22,Administration-Guide,09 Setting Up Slack
v0.22,Administration-Guide,10 Single Sign On
v0.22,Administration-Guide,11 Getting Started Guide
v0.22,Administration-Guide,Databases
v0.22,Administration-Guide,Databases
v0.22,Administration-Guide,Databases
v0.22,Administration-Guide,Databases
v0.22,Administration-Guide,Start
v0.22,Table of Contents,Api Documentation
v0.22,Table of Contents,Code Reviews
v0.22,Table of Contents,Contributing
v0.22,Table of Contents,Data Warehousing
v0.22,Table of Contents,Developers Guide Osx
v0.22,Table of Contents,Developers Guide
v0.22,Table of Contents,Faq
v0.22,Table of Contents,Getting Started
v0.22,Table of Contents,Information Collection
v0.22,Operations-Guide,Running Metabase on Cloud66
v0.22,Operations-Guide,Running Metabase on Docker
v0.22,Operations-Guide,Running Metabase on Elastic Beanstalk
v0.22,Operations-Guide,Running Metabase on Heroku
v0.22,Operations-Guide,Running the Metabase Jar File
v0.22,Operations-Guide,Running the Metabase Mac App
v0.22,Operations-Guide,Start
v0.22,Table of Contents,README
v0.22,Table of Contents,Setting Up Metabase
v0.22,Users-Guide,01 What Is Metabase
v0.22,Users-Guide,02 Database Basics
v0.22,Users-Guide,03 Asking Questions
v0.22,Users-Guide,04 Visualizing Results
v0.22,Users-Guide,05 Sharing Answers
v0.22,Users-Guide,06 Dashboards
v0.22,Users-Guide,07 Dashboard Filters
v0.22,Users-Guide,08 Multi Series Charting
v0.22,Users-Guide,09 Pulses
v0.22,Users-Guide,10 Metabot
v0.22,Users-Guide,11 Data Model Reference
v0.22,Users-Guide,12 Sql Parameters
v0.22,Users-Guide,Start
v0.23,Administration-Guide,01 Managing Databases
v0.23,Administration-Guide,02 Setting Up Email
v0.23,Administration-Guide,03 Metadata Editing
v0.23,Administration-Guide,04 Managing Users
v0.23,Administration-Guide,05 Setting Permissions
v0.23,Administration-Guide,06 Collections
v0.23,Administration-Guide,07 Segments and Metrics
v0.23,Administration-Guide,08 Configuration Settings
v0.23,Administration-Guide,09 Setting Up Slack
v0.23,Administration-Guide,10 Single Sign On
v0.23,Administration-Guide,11 Getting Started Guide
v0.23,Administration-Guide,12 Public Links
v0.23,Administration-Guide,13 Embedding
v0.23,Administration-Guide,Databases
v0.23,Administration-Guide,Databases
v0.23,Administration-Guide,Databases
v0.23,Administration-Guide,Databases
v0.23,Administration-Guide,Start
v0.23,Table of Contents,Api Documentation
v0.23,Table of Contents,Code Reviews
v0.23,Table of Contents,Contributing
v0.23,Table of Contents,Data Warehousing
v0.23,Table of Contents,Developers Guide Osx
v0.23,Table of Contents,Developers Guide
v0.23,Table of Contents,Faq
v0.23,Table of Contents,Getting Started
v0.23,Table of Contents,Information Collection
v0.23,Operations-Guide,Running Metabase on Cloud66
v0.23,Operations-Guide,Running Metabase on Docker
v0.23,Operations-Guide,Running Metabase on Elastic Beanstalk
v0.23,Operations-Guide,Running Metabase on Heroku
v0.23,Operations-Guide,Running the Metabase Jar File
v0.23,Operations-Guide,Running the Metabase Mac App
v0.23,Operations-Guide,Start
v0.23,Table of Contents,README
v0.23,Table of Contents,Setting Up Metabase
v0.23,Users-Guide,01 What Is Metabase
v0.23,Users-Guide,02 Database Basics
v0.23,Users-Guide,03 Asking Questions
v0.23,Users-Guide,04 Visualizing Results
v0.23,Users-Guide,05 Sharing Answers
v0.23,Users-Guide,06 Dashboards
v0.23,Users-Guide,07 Dashboard Filters
v0.23,Users-Guide,08 Multi Series Charting
v0.23,Users-Guide,09 Pulses
v0.23,Users-Guide,10 Metabot
v0.23,Users-Guide,11 Data Model Reference
v0.23,Users-Guide,12 Sql Parameters
v0.23,Users-Guide,Start
v0.24,Administration-Guide,01 Managing Databases
v0.24,Administration-Guide,02 Setting Up Email
v0.24,Administration-Guide,03 Metadata Editing
v0.24,Administration-Guide,04 Managing Users
v0.24,Administration-Guide,05 Setting Permissions
v0.24,Administration-Guide,06 Collections
v0.24,Administration-Guide,07 Segments and Metrics
v0.24,Administration-Guide,08 Configuration Settings
v0.24,Administration-Guide,09 Setting Up Slack
v0.24,Administration-Guide,10 Single Sign On
v0.24,Administration-Guide,11 Getting Started Guide
v0.24,Administration-Guide,12 Public Links
v0.24,Administration-Guide,13 Embedding
v0.24,Administration-Guide,14 Caching
v0.24,Administration-Guide,Databases
v0.24,Administration-Guide,Databases
v0.24,Administration-Guide,Databases
v0.24,Administration-Guide,Databases
v0.24,Administration-Guide,Start
v0.24,Table of Contents,Api Documentation
v0.24,Table of Contents,Code Reviews
v0.24,Table of Contents,Contributing
v0.24,Table of Contents,Data Warehousing
v0.24,Table of Contents,Developers Guide Osx
v0.24,Table of Contents,Developers Guide
v0.24,Table of Contents,Faq
v0.24,Table of Contents,Getting Started
v0.24,Table of Contents,Information Collection
v0.24,Operations-Guide,Running Metabase on Cloud66
v0.24,Operations-Guide,Running Metabase on Docker
v0.24,Operations-Guide,Running Metabase on Elastic Beanstalk
v0.24,Operations-Guide,Running Metabase on Heroku
v0.24,Operations-Guide,Running the Metabase Jar File
v0.24,Operations-Guide,Running the Metabase Mac App
v0.24,Operations-Guide,Start
v0.24,Table of Contents,README
v0.24,Table of Contents,Setting Up Metabase
v0.24,Users-Guide,01 What Is Metabase
v0.24,Users-Guide,02 Database Basics
v0.24,Users-Guide,03 Basic Exploration
v0.24,Users-Guide,04 Asking Questions
v0.24,Users-Guide,05 Visualizing Results
v0.24,Users-Guide,06 Sharing Answers
v0.24,Users-Guide,07 Dashboards
v0.24,Users-Guide,08 Dashboard Filters
v0.24,Users-Guide,09 Multi Series Charting
v0.24,Users-Guide,10 Pulses
v0.24,Users-Guide,11 Metabot
v0.24,Users-Guide,12 Data Model Reference
v0.24,Users-Guide,13 Sql Parameters
v0.24,Users-Guide,Start
v0.25,Administration-Guide,01 Managing Databases
v0.25,Administration-Guide,02 Setting Up Email
v0.25,Administration-Guide,03 Metadata Editing
v0.25,Administration-Guide,04 Managing Users
v0.25,Administration-Guide,05 Setting Permissions
v0.25,Administration-Guide,06 Collections
v0.25,Administration-Guide,07 Segments and Metrics
v0.25,Administration-Guide,08 Configuration Settings
v0.25,Administration-Guide,09 Setting Up Slack
v0.25,Administration-Guide,10 Single Sign On
v0.25,Administration-Guide,11 Getting Started Guide
v0.25,Administration-Guide,12 Public Links
v0.25,Administration-Guide,13 Embedding
v0.25,Administration-Guide,14 Caching
v0.25,Administration-Guide,Databases
v0.25,Administration-Guide,Databases
v0.25,Administration-Guide,Databases
v0.25,Administration-Guide,Databases
v0.25,Administration-Guide,Start
v0.25,Table of Contents,Api Documentation
v0.25,Table of Contents,Code Reviews
v0.25,Table of Contents,Contributing
v0.25,Table of Contents,Data Warehousing
v0.25,Table of Contents,Developers Guide Osx
v0.25,Table of Contents,Developers Guide
v0.25,Table of Contents,Faq
v0.25,Table of Contents,Getting Started
v0.25,Table of Contents,Information Collection
v0.25,Operations-Guide,Running Metabase on Cloud66
v0.25,Operations-Guide,Running Metabase on Docker
v0.25,Operations-Guide,Running Metabase on Elastic Beanstalk
v0.25,Operations-Guide,Running Metabase on Heroku
v0.25,Operations-Guide,Running the Metabase Jar File
v0.25,Operations-Guide,Running the Metabase Mac App
v0.25,Operations-Guide,Start
v0.25,Table of Contents,README
v0.25,Table of Contents,Setting Up Metabase
v0.25,Troubleshooting-Guide,Bugs
v0.25,Troubleshooting-Guide,Datawarehouse
v0.25,Troubleshooting-Guide,Docker
v0.25,Troubleshooting-Guide,Email
v0.25,Troubleshooting-Guide,Index
v0.25,Troubleshooting-Guide,Installing
v0.25,Troubleshooting-Guide,Loggingin
v0.25,Troubleshooting-Guide,Running
v0.25,Troubleshooting-Guide,Timezones
v0.25,Users-Guide,01 What Is Metabase
v0.25,Users-Guide,02 Database Basics
v0.25,Users-Guide,03 Basic Exploration
v0.25,Users-Guide,04 Asking Questions
v0.25,Users-Guide,05 Visualizing Results
v0.25,Users-Guide,06 Sharing Answers
v0.25,Users-Guide,07 Dashboards
v0.25,Users-Guide,08 Dashboard Filters
v0.25,Users-Guide,09 Multi Series Charting
v0.25,Users-Guide,10 Pulses
v0.25,Users-Guide,11 Metabot
v0.25,Users-Guide,12 Data Model Reference
v0.25,Users-Guide,13 Sql Parameters
v0.25,Users-Guide,Start
v0.26,Administration-Guide,01 Managing Databases
v0.26,Administration-Guide,02 Setting Up Email
v0.26,Administration-Guide,03 Metadata Editing
v0.26,Administration-Guide,04 Managing Users
v0.26,Administration-Guide,05 Setting Permissions
v0.26,Administration-Guide,06 Collections
v0.26,Administration-Guide,07 Segments and Metrics
v0.26,Administration-Guide,08 Configuration Settings
v0.26,Administration-Guide,09 Setting Up Slack
v0.26,Administration-Guide,10 Single Sign On
v0.26,Administration-Guide,11 Getting Started Guide
v0.26,Administration-Guide,12 Public Links
v0.26,Administration-Guide,13 Embedding
v0.26,Administration-Guide,14 Caching
v0.26,Administration-Guide,Databases
v0.26,Administration-Guide,Databases
v0.26,Administration-Guide,Databases
v0.26,Administration-Guide,Databases
v0.26,Administration-Guide,Start
v0.26,Table of Contents,Api Documentation
v0.26,Table of Contents,Code Reviews
v0.26,Table of Contents,Contributing
v0.26,Table of Contents,Data Warehousing
v0.26,Table of Contents,Developers Guide Osx
v0.26,Table of Contents,Developers Guide
v0.26,Table of Contents,Faq
v0.26,Table of Contents,Getting Started
v0.26,Table of Contents,Information Collection
v0.26,Operations-Guide,Running Metabase on Cloud66
v0.26,Operations-Guide,Running Metabase on Debian
v0.26,Operations-Guide,Running Metabase on Docker
v0.26,Operations-Guide,Running Metabase on Elastic Beanstalk Old
v0.26,Operations-Guide,Running Metabase on Elastic Beanstalk
v0.26,Operations-Guide,Running Metabase on Heroku
v0.26,Operations-Guide,Running Metabase on Kubernetes
v0.26,Operations-Guide,Running the Metabase Jar File
v0.26,Operations-Guide,Running the Metabase Mac App
v0.26,Operations-Guide,Start
v0.26,Table of Contents,README
v0.26,Table of Contents,Setting Up Metabase
v0.26,Troubleshooting-Guide,Application Database
v0.26,Troubleshooting-Guide,Bugs
v0.26,Troubleshooting-Guide,Datawarehouse
v0.26,Troubleshooting-Guide,Docker
v0.26,Troubleshooting-Guide,Email
v0.26,Troubleshooting-Guide,Index
v0.26,Troubleshooting-Guide,Installing
v0.26,Troubleshooting-Guide,Loggingin
v0.26,Troubleshooting-Guide,Running
v0.26,Troubleshooting-Guide,Timezones
v0.26,Users-Guide,01 What Is Metabase
v0.26,Users-Guide,02 Database Basics
v0.26,Users-Guide,03 Basic Exploration
v0.26,Users-Guide,04 Asking Questions
v0.26,Users-Guide,05 Visualizing Results
v0.26,Users-Guide,06 Sharing Answers
v0.26,Users-Guide,07 Dashboards
v0.26,Users-Guide,08 Dashboard Filters
v0.26,Users-Guide,09 Multi Series Charting
v0.26,Users-Guide,10 Pulses
v0.26,Users-Guide,11 Metabot
v0.26,Users-Guide,12 Data Model Reference
v0.26,Users-Guide,13 Sql Parameters
v0.26,Users-Guide,14 X Rays
v0.26,Users-Guide,Start
v0.27,Administration-Guide,01 Managing Databases
v0.27,Administration-Guide,02 Setting Up Email
v0.27,Administration-Guide,03 Metadata Editing
v0.27,Administration-Guide,04 Managing Users
v0.27,Administration-Guide,05 Setting Permissions
v0.27,Administration-Guide,06 Collections
v0.27,Administration-Guide,07 Segments and Metrics
v0.27,Administration-Guide,08 Configuration Settings
v0.27,Administration-Guide,09 Setting Up Slack
v0.27,Administration-Guide,10 Single Sign On
v0.27,Administration-Guide,11 Getting Started Guide
v0.27,Administration-Guide,12 Public Links
v0.27,Administration-Guide,13 Embedding
v0.27,Administration-Guide,14 Caching
v0.27,Administration-Guide,Databases
v0.27,Administration-Guide,Databases
v0.27,Administration-Guide,Databases
v0.27,Administration-Guide,Databases
v0.27,Administration-Guide,Start
v0.27,Table of Contents,Api Documentation
v0.27,Table of Contents,Code Reviews
v0.27,Table of Contents,Contributing
v0.27,Table of Contents,Data Warehousing
v0.27,Table of Contents,Developers Guide Osx
v0.27,Table of Contents,Developers Guide
v0.27,Table of Contents,Faq
v0.27,Table of Contents,Getting Started
v0.27,Table of Contents,Information Collection
v0.27,Operations-Guide,Enable Jmx
v0.27,Operations-Guide,Running Metabase on Cloud66
v0.27,Operations-Guide,Running Metabase on Debian
v0.27,Operations-Guide,Running Metabase on Docker
v0.27,Operations-Guide,Running Metabase on Elastic Beanstalk Old
v0.27,Operations-Guide,Running Metabase on Elastic Beanstalk
v0.27,Operations-Guide,Running Metabase on Heroku
v0.27,Operations-Guide,Running Metabase on Kubernetes
v0.27,Operations-Guide,Running the Metabase Jar File
v0.27,Operations-Guide,Running the Metabase Mac App
v0.27,Operations-Guide,Start
v0.27,Table of Contents,README
v0.27,Table of Contents,Setting Up Metabase
v0.27,Troubleshooting-Guide,Application Database
v0.27,Troubleshooting-Guide,Bugs
v0.27,Troubleshooting-Guide,Datawarehouse
v0.27,Troubleshooting-Guide,Docker
v0.27,Troubleshooting-Guide,Email
v0.27,Troubleshooting-Guide,Index
v0.27,Troubleshooting-Guide,Installing
v0.27,Troubleshooting-Guide,Loggingin
v0.27,Troubleshooting-Guide,Running
v0.27,Troubleshooting-Guide,Timezones
v0.27,Users-Guide,01 What Is Metabase
v0.27,Users-Guide,02 Database Basics
v0.27,Users-Guide,03 Basic Exploration
v0.27,Users-Guide,04 Asking Questions
v0.27,Users-Guide,05 Visualizing Results
v0.27,Users-Guide,06 Sharing Answers
v0.27,Users-Guide,07 Dashboards
v0.27,Users-Guide,08 Dashboard Filters
v0.27,Users-Guide,09 Multi Series Charting
v0.27,Users-Guide,10 Pulses
v0.27,Users-Guide,11 Metabot
v0.27,Users-Guide,12 Data Model Reference
v0.27,Users-Guide,13 Sql Parameters
v0.27,Users-Guide,14 X Rays
v0.27,Users-Guide,15 Alerts
v0.27,Users-Guide,Start
v0.28,Administration-Guide,01 Managing Databases
v0.28,Administration-Guide,02 Setting Up Email
v0.28,Administration-Guide,03 Metadata Editing
v0.28,Administration-Guide,04 Managing Users
v0.28,Administration-Guide,05 Setting Permissions
v0.28,Administration-Guide,06 Collections
v0.28,Administration-Guide,07 Segments and Metrics
v0.28,Administration-Guide,08 Configuration Settings
v0.28,Administration-Guide,09 Setting Up Slack
v0.28,Administration-Guide,10 Single Sign On
v0.28,Administration-Guide,11 Getting Started Guide
v0.28,Administration-Guide,12 Public Links
v0.28,Administration-Guide,13 Embedding
v0.28,Administration-Guide,14 Caching
v0.28,Administration-Guide,Databases
v0.28,Administration-Guide,Databases
v0.28,Administration-Guide,Databases
v0.28,Administration-Guide,Databases
v0.28,Administration-Guide,Start
v0.28,Table of Contents,Api Documentation
v0.28,Table of Contents,Code Reviews
v0.28,Table of Contents,Contributing
v0.28,Table of Contents,Data Warehousing
v0.28,Table of Contents,Developers Guide Osx
v0.28,Table of Contents,Developers Guide
v0.28,Table of Contents,Faq
v0.28,Table of Contents,Getting Started
v0.28,Table of Contents,Information Collection
v0.28,Operations-Guide,Enable Jmx
v0.28,Operations-Guide,Running Metabase on Cloud66
v0.28,Operations-Guide,Running Metabase on Debian
v0.28,Operations-Guide,Running Metabase on Docker
v0.28,Operations-Guide,Running Metabase on Elastic Beanstalk Old
v0.28,Operations-Guide,Running Metabase on Elastic Beanstalk
v0.28,Operations-Guide,Running Metabase on Heroku
v0.28,Operations-Guide,Running Metabase on Kubernetes
v0.28,Operations-Guide,Running the Metabase Jar File
v0.28,Operations-Guide,Running the Metabase Mac App
v0.28,Operations-Guide,Start
v0.28,Table of Contents,README
v0.28,Table of Contents,Setting Up Metabase
v0.28,Troubleshooting-Guide,Application Database
v0.28,Troubleshooting-Guide,Bugs
v0.28,Troubleshooting-Guide,Datawarehouse
v0.28,Troubleshooting-Guide,Docker
v0.28,Troubleshooting-Guide,Email
v0.28,Troubleshooting-Guide,Index
v0.28,Troubleshooting-Guide,Installing
v0.28,Troubleshooting-Guide,Loggingin
v0.28,Troubleshooting-Guide,Running
v0.28,Troubleshooting-Guide,Timezones
v0.28,Users-Guide,01 What Is Metabase
v0.28,Users-Guide,02 Database Basics
v0.28,Users-Guide,03 Basic Exploration
v0.28,Users-Guide,04 Asking Questions
v0.28,Users-Guide,05 Visualizing Results
v0.28,Users-Guide,06 Sharing Answers
v0.28,Users-Guide,07 Dashboards
v0.28,Users-Guide,08 Dashboard Filters
v0.28,Users-Guide,09 Multi Series Charting
v0.28,Users-Guide,10 Pulses
v0.28,Users-Guide,11 Metabot
v0.28,Users-Guide,12 Data Model Reference
v0.28,Users-Guide,13 Sql Parameters
v0.28,Users-Guide,14 X Rays
v0.28,Users-Guide,15 Alerts
v0.28,Users-Guide,Start
v0.29,Administration-Guide,01 Managing Databases
v0.29,Administration-Guide,02 Setting Up Email
v0.29,Administration-Guide,03 Metadata Editing
v0.29,Administration-Guide,04 Managing Users
v0.29,Administration-Guide,05 Setting Permissions
v0.29,Administration-Guide,06 Collections
v0.29,Administration-Guide,07 Segments and Metrics
v0.29,Administration-Guide,08 Configuration Settings
v0.29,Administration-Guide,09 Setting Up Slack
v0.29,Administration-Guide,10 Single Sign On
v0.29,Administration-Guide,11 Getting Started Guide
v0.29,Administration-Guide,12 Public Links
v0.29,Administration-Guide,13 Embedding
v0.29,Administration-Guide,14 Caching
v0.29,Administration-Guide,Databases
v0.29,Administration-Guide,Databases
v0.29,Administration-Guide,Databases
v0.29,Administration-Guide,Databases
v0.29,Administration-Guide,Databases
v0.29,Administration-Guide,Start
v0.29,Table of Contents,Api Documentation
v0.29,Table of Contents,Code Reviews
v0.29,Table of Contents,Contributing
v0.29,Table of Contents,Data Warehousing
v0.29,Table of Contents,Developers Guide Osx
v0.29,Table of Contents,Developers Guide
v0.29,Table of Contents,Faq
v0.29,Table of Contents,Getting Started
v0.29,Table of Contents,Information Collection
v0.29,Operations-Guide,Enable Jmx
v0.29,Operations-Guide,Running Metabase on Cloud66
v0.29,Operations-Guide,Running Metabase on Debian
v0.29,Operations-Guide,Running Metabase on Docker
v0.29,Operations-Guide,Running Metabase on Elastic Beanstalk Old
v0.29,Operations-Guide,Running Metabase on Elastic Beanstalk
v0.29,Operations-Guide,Running Metabase on Heroku
v0.29,Operations-Guide,Running Metabase on Kubernetes
v0.29,Operations-Guide,Running the Metabase Jar File
v0.29,Operations-Guide,Running the Metabase Mac App
v0.29,Operations-Guide,Start
v0.29,Table of Contents,README
v0.29,Table of Contents,Setting Up Metabase
v0.29,Troubleshooting-Guide,Application Database
v0.29,Troubleshooting-Guide,Bugs
v0.29,Troubleshooting-Guide,Datawarehouse
v0.29,Troubleshooting-Guide,Docker
v0.29,Troubleshooting-Guide,Email
v0.29,Troubleshooting-Guide,Index
v0.29,Troubleshooting-Guide,Installing
v0.29,Troubleshooting-Guide,Loggingin
v0.29,Troubleshooting-Guide,Running
v0.29,Troubleshooting-Guide,Timezones
v0.29,Users-Guide,01 What Is Metabase
v0.29,Users-Guide,02 Database Basics
v0.29,Users-Guide,03 Basic Exploration
v0.29,Users-Guide,04 Asking Questions
v0.29,Users-Guide,05 Visualizing Results
v0.29,Users-Guide,06 Sharing Answers
v0.29,Users-Guide,07 Dashboards
v0.29,Users-Guide,08 Dashboard Filters
v0.29,Users-Guide,09 Multi Series Charting
v0.29,Users-Guide,10 Pulses
v0.29,Users-Guide,11 Metabot
v0.29,Users-Guide,12 Data Model Reference
v0.29,Users-Guide,13 Sql Parameters
v0.29,Users-Guide,14 X Rays
v0.29,Users-Guide,15 Alerts
v0.29,Users-Guide,Start
v0.30,Administration-Guide,01 Managing Databases
v0.30,Administration-Guide,02 Setting Up Email
v0.30,Administration-Guide,03 Metadata Editing
v0.30,Administration-Guide,04 Managing Users
v0.30,Administration-Guide,05 Setting Permissions
v0.30,Administration-Guide,06 Collections
v0.30,Administration-Guide,07 Segments and Metrics
v0.30,Administration-Guide,08 Configuration Settings
v0.30,Administration-Guide,09 Setting Up Slack
v0.30,Administration-Guide,10 Single Sign On
v0.30,Administration-Guide,11 Getting Started Guide
v0.30,Administration-Guide,12 Public Links
v0.30,Administration-Guide,13 Embedding
v0.30,Administration-Guide,14 Caching
v0.30,Administration-Guide,15 White-Labeling
v0.30,Administration-Guide,16 Authenticating-With-SAML
v0.30,Administration-Guide,17 Data-Sandboxes
v0.30,Administration-Guide,18 Authenticating-With-JWT
v0.30,Administration-Guide,Databases
v0.30,Administration-Guide,Databases
v0.30,Administration-Guide,Databases
v0.30,Administration-Guide,Databases
v0.30,Administration-Guide,Databases
v0.30,Administration-Guide,Start
v0.30,Table of Contents,Api Documentation
v0.30,Table of Contents,Code Reviews
v0.30,Table of Contents,Contributing
v0.30,Table of Contents,Data Warehousing
v0.30,Table of Contents,Developers Guide Osx
v0.30,Table of Contents,Developers Guide
v0.30,Table of Contents,Faq
v0.30,Table of Contents,Getting Started
v0.30,Table of Contents,Information Collection
v0.30,Operations-Guide,Enable Jmx
v0.30,Operations-Guide,Running Metabase on Cloud66
v0.30,Operations-Guide,Running Metabase on Debian
v0.30,Operations-Guide,Running Metabase on Docker
v0.30,Operations-Guide,Running Metabase on Elastic Beanstalk Old
v0.30,Operations-Guide,Running Metabase on Elastic Beanstalk
v0.30,Operations-Guide,Running Metabase on Heroku
v0.30,Operations-Guide,Running Metabase on Kubernetes
v0.30,Operations-Guide,Running the Metabase Jar File
v0.30,Operations-Guide,Running the Metabase Mac App
v0.30,Operations-Guide,Start
v0.30,Table of Contents,README
v0.30,Table of Contents,Setting Up Metabase
v0.30,Troubleshooting-Guide,Application Database
v0.30,Troubleshooting-Guide,Bugs
v0.30,Troubleshooting-Guide,Datawarehouse
v0.30,Troubleshooting-Guide,Docker
v0.30,Troubleshooting-Guide,Email
v0.30,Troubleshooting-Guide,Index
v0.30,Troubleshooting-Guide,Installing
v0.30,Troubleshooting-Guide,Loggingin
v0.30,Troubleshooting-Guide,Running
v0.30,Troubleshooting-Guide,Timezones
v0.30,Users-Guide,01 What Is Metabase
v0.30,Users-Guide,02 Database Basics
v0.30,Users-Guide,03 Basic Exploration
v0.30,Users-Guide,04 Asking Questions
v0.30,Users-Guide,05 Visualizing Results
v0.30,Users-Guide,06 Sharing Answers
v0.30,Users-Guide,07 Dashboards
v0.30,Users-Guide,08 Dashboard Filters
v0.30,Users-Guide,09 Multi Series Charting
v0.30,Users-Guide,10 Pulses
v0.30,Users-Guide,11 Metabot
v0.30,Users-Guide,12 Data Model Reference
v0.30,Users-Guide,13 Sql Parameters
v0.30,Users-Guide,14 X Rays
v0.30,Users-Guide,15 Alerts
v0.30,Users-Guide,Start
v0.31,Administration-Guide,01 Managing Databases
v0.31,Administration-Guide,02 Setting Up Email
v0.31,Administration-Guide,03 Metadata Editing
v0.31,Administration-Guide,04 Managing Users
v0.31,Administration-Guide,05 Setting Permissions
v0.31,Administration-Guide,06 Collections
v0.31,Administration-Guide,07 Segments and Metrics
v0.31,Administration-Guide,08 Configuration Settings
v0.31,Administration-Guide,09 Setting Up Slack
v0.31,Administration-Guide,10 Single Sign On
v0.31,Administration-Guide,11 Getting Started Guide
v0.31,Administration-Guide,12 Public Links
v0.31,Administration-Guide,13 Embedding
v0.31,Administration-Guide,14 Caching
v0.31,Administration-Guide,15 Whitelabeling
v0.31,Administration-Guide,16 Authenticating With Saml
v0.31,Administration-Guide,17 Data Sandboxes
v0.31,Administration-Guide,18 Authenticating With Jwt
v0.31,Administration-Guide,19 Formatting Settings
v0.31,Administration-Guide,Databases
v0.31,Administration-Guide,Databases
v0.31,Administration-Guide,Databases
v0.31,Administration-Guide,Databases
v0.31,Administration-Guide,Databases
v0.31,Administration-Guide,Start
v0.31,Table of Contents,Api Documentation
v0.31,Table of Contents,Code Reviews
v0.31,Table of Contents,Contributing
v0.31,Table of Contents,Data Warehousing
v0.31,Table of Contents,Developers Guide Osx
v0.31,Table of Contents,Developers Guide
v0.31,Table of Contents,Faq
v0.31,Table of Contents,Getting Started
v0.31,Table of Contents,Information Collection
v0.31,Operations-Guide,Enable Jmx
v0.31,Operations-Guide,Running Metabase on Cloud66
v0.31,Operations-Guide,Running Metabase on Debian
v0.31,Operations-Guide,Running Metabase on Docker
v0.31,Operations-Guide,Running Metabase on Elastic Beanstalk Old
v0.31,Operations-Guide,Running Metabase on Elastic Beanstalk
v0.31,Operations-Guide,Running Metabase on Heroku
v0.31,Operations-Guide,Running Metabase on Kubernetes
v0.31,Operations-Guide,Running the Metabase Jar File
v0.31,Operations-Guide,Running the Metabase Mac App
v0.31,Operations-Guide,Start
v0.31,Table of Contents,README
v0.31,Table of Contents,Setting Up Metabase
v0.31,Troubleshooting-Guide,Application Database
v0.31,Troubleshooting-Guide,Bugs
v0.31,Troubleshooting-Guide,Datawarehouse
v0.31,Troubleshooting-Guide,Docker
v0.31,Troubleshooting-Guide,Email
v0.31,Troubleshooting-Guide,Index
v0.31,Troubleshooting-Guide,Installing
v0.31,Troubleshooting-Guide,Loggingin
v0.31,Troubleshooting-Guide,Running
v0.31,Troubleshooting-Guide,Timezones
v0.31,Users-Guide,01 What Is Metabase
v0.31,Users-Guide,02 Database Basics
v0.31,Users-Guide,03 Basic Exploration
v0.31,Users-Guide,04 Asking Questions
v0.31,Users-Guide,05 Visualizing Results
v0.31,Users-Guide,06 Sharing Answers
v0.31,Users-Guide,07 Dashboards
v0.31,Users-Guide,08 Dashboard Filters
v0.31,Users-Guide,09 Multi Series Charting
v0.31,Users-Guide,10 Pulses
v0.31,Users-Guide,11 Metabot
v0.31,Users-Guide,12 Data Model Reference
v0.31,Users-Guide,13 Sql Parameters
v0.31,Users-Guide,14 X Rays
v0.31,Users-Guide,15 Alerts
v0.31,Users-Guide,Start
v0.32,Administration-Guide,01 Managing Databases
v0.32,Administration-Guide,02 Setting Up Email
v0.32,Administration-Guide,03 Metadata Editing
v0.32,Administration-Guide,04 Managing Users
v0.32,Administration-Guide,05 Setting Permissions
v0.32,Administration-Guide,06 Collections
v0.32,Administration-Guide,07 Segments and Metrics
v0.32,Administration-Guide,08 Configuration Settings
v0.32,Administration-Guide,09 Setting Up Slack
v0.32,Administration-Guide,10 Single Sign On
v0.32,Administration-Guide,11 Getting Started Guide
v0.32,Administration-Guide,12 Public Links
v0.32,Administration-Guide,13 Embedding
v0.32,Administration-Guide,14 Caching
v0.32,Administration-Guide,15 Whitelabeling
v0.32,Administration-Guide,16 Authenticating With Saml
v0.32,Administration-Guide,17 Data Sandboxes
v0.32,Administration-Guide,18 Authenticating With Jwt
v0.32,Administration-Guide,19 Formatting Settings
v0.32,Administration-Guide,Databases
v0.32,Administration-Guide,Databases
v0.32,Administration-Guide,Databases
v0.32,Administration-Guide,Databases
v0.32,Administration-Guide,Start
v0.32,Table of Contents,Api Documentation
v0.32,Table of Contents,Code Reviews
v0.32,Table of Contents,Contributing
v0.32,Table of Contents,Data Warehousing
v0.32,Table of Contents,Developers Guide Osx
v0.32,Table of Contents,Developers Guide
v0.32,Enterprise-Guide,Activating the Enterprise Edition
v0.32,Enterprise-Guide,Authenticating With Jwt
v0.32,Enterprise-Guide,Authenticating With Saml
v0.32,Enterprise-Guide,Customizing Drill Through
v0.32,Enterprise-Guide,Data Sandboxes
v0.32,Enterprise-Guide,Full App Embedding
v0.32,Enterprise-Guide,Serialization
v0.32,Enterprise-Guide,Start
v0.32,Enterprise-Guide,Whitelabeling
v0.32,Table of Contents,Faq
v0.32,Table of Contents,Getting Started
v0.32,Table of Contents,Information Collection
v0.32,Operations-Guide,Enable Jmx
v0.32,Operations-Guide,Running Metabase on Debian
v0.32,Operations-Guide,Running Metabase on Docker
v0.32,Operations-Guide,Running Metabase on Elastic Beanstalk Old
v0.32,Operations-Guide,Running Metabase on Elastic Beanstalk
v0.32,Operations-Guide,Running Metabase on Heroku
v0.32,Operations-Guide,Running Metabase on Kubernetes
v0.32,Operations-Guide,Running the Metabase Jar File
v0.32,Operations-Guide,Running the Metabase Mac App
v0.32,Operations-Guide,Start
v0.32,Table of Contents,README
v0.32,Table of Contents,Setting Up Metabase
v0.32,Troubleshooting-Guide,Application Database
v0.32,Troubleshooting-Guide,Bugs
v0.32,Troubleshooting-Guide,Datawarehouse
v0.32,Troubleshooting-Guide,Docker
v0.32,Troubleshooting-Guide,Email
v0.32,Troubleshooting-Guide,Index
v0.32,Troubleshooting-Guide,Installing
v0.32,Troubleshooting-Guide,Loggingin
v0.32,Troubleshooting-Guide,Running
v0.32,Troubleshooting-Guide,Timezones
v0.32,Users-Guide,01 What Is Metabase
v0.32,Users-Guide,02 Database Basics
v0.32,Users-Guide,03 Basic Exploration
v0.32,Users-Guide,04 Asking Questions
v0.32,Users-Guide,05 Visualizing Results
v0.32,Users-Guide,06 Sharing Answers
v0.32,Users-Guide,07 Dashboards
v0.32,Users-Guide,08 Dashboard Filters
v0.32,Users-Guide,09 Multi Series Charting
v0.32,Users-Guide,10 Pulses
v0.32,Users-Guide,11 Metabot
v0.32,Users-Guide,12 Data Model Reference
v0.32,Users-Guide,13 Sql Parameters
v0.32,Users-Guide,14 X Rays
v0.32,Users-Guide,15 Alerts
v0.32,Users-Guide,Start
v0.33,Administration-Guide,01 Managing Databases
v0.33,Administration-Guide,02 Setting Up Email
v0.33,Administration-Guide,03 Metadata Editing
v0.33,Administration-Guide,04 Managing Users
v0.33,Administration-Guide,05 Setting Permissions
v0.33,Administration-Guide,06 Collections
v0.33,Administration-Guide,07 Segments and Metrics
v0.33,Administration-Guide,08 Configuration Settings
v0.33,Administration-Guide,09 Setting Up Slack
v0.33,Administration-Guide,10 Single Sign On
v0.33,Administration-Guide,11 Getting Started Guide
v0.33,Administration-Guide,12 Public Links
v0.33,Administration-Guide,13 Embedding
v0.33,Administration-Guide,14 Caching
v0.33,Administration-Guide,15 Whitelabeling
v0.33,Administration-Guide,16 Authenticating With Saml
v0.33,Administration-Guide,17 Data Sandboxes
v0.33,Administration-Guide,18 Authenticating With Jwt
v0.33,Administration-Guide,19 Formatting Settings
v0.33,Administration-Guide,20 Custom Maps
v0.33,Administration-Guide,Databases
v0.33,Administration-Guide,Databases
v0.33,Administration-Guide,Databases
v0.33,Administration-Guide,Databases
v0.33,Administration-Guide,Databases
v0.33,Administration-Guide,Start
v0.33,Table of Contents,Api Documentation
v0.33,Table of Contents,Code Reviews
v0.33,Table of Contents,Contributing
v0.33,Table of Contents,Data Warehousing
v0.33,Table of Contents,Developers Guide Osx
v0.33,Table of Contents,Developers Guide
v0.33,Enterprise-Guide,Activating the Enterprise Edition
v0.33,Enterprise-Guide,Audit
v0.33,Enterprise-Guide,Authenticating With Jwt
v0.33,Enterprise-Guide,Authenticating With Saml
v0.33,Enterprise-Guide,Customizing Drill Through
v0.33,Enterprise-Guide,Data Sandboxes
v0.33,Enterprise-Guide,Full App Embedding
v0.33,Enterprise-Guide,Serialization
v0.33,Enterprise-Guide,Start
v0.33,Enterprise-Guide,Whitelabeling
v0.33,Table of Contents,Faq
v0.33,Faq,General
v0.33,Faq,General
v0.33,Faq,General
v0.33,Faq,General
v0.33,Faq,General
v0.33,Faq,General
v0.33,Faq,General
v0.33,Faq,General
v0.33,Faq,General
v0.33,Faq,Setup
v0.33,Faq,Setup
v0.33,Faq,Setup
v0.33,Faq,Setup
v0.33,Faq,Setup
v0.33,Faq,Start
v0.33,Faq,Using Metabase
v0.33,Faq,Using Metabase
v0.33,Faq,Using Metabase
v0.33,Faq,Using Metabase
v0.33,Faq,Using Metabase
v0.33,Faq,Using Metabase
v0.33,Table of Contents,Getting Started
v0.33,Table of Contents,Information Collection
v0.33,Operations-Guide,Backing Up Metabase Application Data
v0.33,Operations-Guide,Changing Password Complexity
v0.33,Operations-Guide,Configuring Application Database
v0.33,Operations-Guide,Customizing Jetty Webserver
v0.33,Operations-Guide,Enable Jmx
v0.33,Operations-Guide,Encrypting Database Details at Rest
v0.33,Operations-Guide,Handling Timezones
v0.33,Operations-Guide,Installing Metabase
v0.33,Operations-Guide,Java Versions
v0.33,Operations-Guide,Jmx Monitoring
v0.33,Operations-Guide,Log Configuration
v0.33,Operations-Guide,Migrating From H2
v0.33,Operations-Guide,Running Metabase on Debian
v0.33,Operations-Guide,Running Metabase on Docker
v0.33,Operations-Guide,Running Metabase on Elastic Beanstalk Old
v0.33,Operations-Guide,Running Metabase on Elastic Beanstalk
v0.33,Operations-Guide,Running Metabase on Heroku
v0.33,Operations-Guide,Running Metabase on Kubernetes
v0.33,Operations-Guide,Running Migrations Manually
v0.33,Operations-Guide,Running the Metabase Jar File
v0.33,Operations-Guide,Running the Metabase Mac App
v0.33,Operations-Guide,Start
v0.33,Operations-Guide,Upgrading Metabase
v0.33,Table of Contents,README
v0.33,Table of Contents,Setting Up Metabase
v0.33,Troubleshooting-Guide,Application Database
v0.33,Troubleshooting-Guide,Bugs
v0.33,Troubleshooting-Guide,Datawarehouse
v0.33,Troubleshooting-Guide,Docker
v0.33,Troubleshooting-Guide,Email
v0.33,Troubleshooting-Guide,Index
v0.33,Troubleshooting-Guide,Installing
v0.33,Troubleshooting-Guide,Loggingin
v0.33,Troubleshooting-Guide,Running
v0.33,Troubleshooting-Guide,Timezones
v0.33,Users-Guide,01 What Is Metabase
v0.33,Users-Guide,02 Database Basics
v0.33,Users-Guide,03 Basic Exploration
v0.33,Users-Guide,04 Asking Questions
v0.33,Users-Guide,05 Visualizing Results
v0.33,Users-Guide,06 Sharing Answers
v0.33,Users-Guide,07 Dashboards
v0.33,Users-Guide,08 Dashboard Filters
v0.33,Users-Guide,09 Multi Series Charting
v0.33,Users-Guide,10 Pulses
v0.33,Users-Guide,11 Metabot
v0.33,Users-Guide,12 Data Model Reference
v0.33,Users-Guide,13 Sql Parameters
v0.33,Users-Guide,14 X Rays
v0.33,Users-Guide,15 Alerts
v0.33,Users-Guide,Custom Questions
v0.33,Users-Guide,Start
v0.33,Users-Guide,Writing Sql
v0.34,Administration Guide,01 Managing Databases
v0.34,Administration Guide,02 Setting Up Email
v0.34,Administration Guide,03 Metadata Editing
v0.34,Administration Guide,04 Managing Users
v0.34,Administration Guide,05 Setting Permissions
v0.34,Administration Guide,06 Collections
v0.34,Administration Guide,07 Segments and Metrics
v0.34,Administration Guide,08 Configuration Settings
v0.34,Administration Guide,09 Setting Up Slack
v0.34,Administration Guide,10 Single Sign On
v0.34,Administration Guide,11 Getting Started Guide
v0.34,Administration Guide,12 Public Links
v0.34,Administration Guide,13 Embedding
v0.34,Administration Guide,14 Caching
v0.34,Administration Guide,15 Whitelabeling
v0.34,Administration Guide,16 Authenticating With Saml
v0.34,Administration Guide,17 Data Sandboxes
v0.34,Administration Guide,18 Authenticating With Jwt
v0.34,Administration Guide,19 Formatting Settings
v0.34,Administration Guide,20 Custom Maps
v0.34,Administration Guide,Bigquery
v0.34,Administration Guide,Mongodb
v0.34,Administration Guide,Mysql
v0.34,Administration Guide,Oracle
v0.34,Administration Guide,Vertica
v0.34,Administration Guide,Start
v0.34,Table of Contents,Api Documentation
v0.34,Table of Contents,Code Reviews
v0.34,Table of Contents,Contributing
v0.34,Table of Contents,Data Warehousing
v0.34,Table of Contents,Developers Guide Drivers
v0.34,Table of Contents,Developers Guide Osx
v0.34,Table of Contents,Developers Guide
v0.34,Enterprise Guide,Activating the Enterprise Edition
v0.34,Enterprise Guide,Audit
v0.34,Enterprise Guide,Authenticating With Jwt
v0.34,Enterprise Guide,Authenticating With Saml
v0.34,Enterprise Guide,Customizing Drill Through
v0.34,Enterprise Guide,Data Sandboxes
v0.34,Enterprise Guide,Full App Embedding
v0.34,Enterprise Guide,Serialization
v0.34,Enterprise Guide,Start
v0.34,Enterprise Guide,Whitelabeling
v0.34,Table of Contents,Faq
v0.34,FAQ,Can I Request a New Feature
v0.34,FAQ,Do We Need a Data Processing Agreement
v0.34,FAQ,Does Metabase Do X
v0.34,FAQ,Does Metabase Have Access to My Companys Data
v0.34,FAQ,How Do I Ask for Help
v0.34,FAQ,Is Metabase 508 Compliant
v0.34,FAQ,Supported Browsers
v0.34,FAQ,What if I Find a Bug
v0.34,FAQ,What Languages Can Be Used With Metabase
v0.34,FAQ,What Languages Is Metabase Compatible With
v0.34,FAQ,How Do I Integrate With Sso
v0.34,FAQ,I Am Having Trouble Running Metabase
v0.34,FAQ,What Is H2
v0.34,FAQ,When Should I Migrate H2
v0.34,FAQ,Which Databases Does Metabase Support
v0.34,FAQ,Start
v0.34,FAQ,Cant Access Data I Need
v0.34,FAQ,How Do I Answer Questions When Data Is in Multiple Databases
v0.34,FAQ,How Do I Answer Questions With Joins
v0.34,FAQ,How Do I Ask Questions
v0.34,FAQ,How Do I Reset My Password
v0.34,FAQ,I Am Not Getting Email Notifications
v0.34,Table of Contents,Getting Started
v0.34,Table of Contents,Information Collection
v0.34,Operations Guide,Backing Up Metabase Application Data
v0.34,Operations Guide,Changing Password Complexity
v0.34,Operations Guide,Configuring Application Database
v0.34,Operations Guide,Customizing Jetty Webserver
v0.34,Operations Guide,Enable Jmx
v0.34,Operations Guide,Encrypting Database Details at Rest
v0.34,Operations Guide,Handling Timezones
v0.34,Operations Guide,Installing Metabase
v0.34,Operations Guide,Java Versions
v0.34,Operations Guide,Jmx Monitoring
v0.34,Operations Guide,Log Configuration
v0.34,Operations Guide,Migrating From H2
v0.34,Operations Guide,Running Metabase on Debian
v0.34,Operations Guide,Running Metabase on Docker
v0.34,Operations Guide,Running Metabase on Elastic Beanstalk Old
v0.34,Operations Guide,Running Metabase on Elastic Beanstalk
v0.34,Operations Guide,Running Metabase on Heroku
v0.34,Operations Guide,Running Metabase on Kubernetes
v0.34,Operations Guide,Running Migrations Manually
v0.34,Operations Guide,Running the Metabase Jar File
v0.34,Operations Guide,Running the Metabase Mac App
v0.34,Operations Guide,Start
v0.34,Operations Guide,Upgrading Metabase
v0.34,Table of Contents,README
v0.34,Table of Contents,Setting Up Metabase
v0.34,Troubleshooting Guide,Application Database
v0.34,Troubleshooting Guide,Bugs
v0.34,Troubleshooting Guide,Datawarehouse
v0.34,Troubleshooting Guide,Docker
v0.34,Troubleshooting Guide,Email
v0.34,Troubleshooting Guide,Index
v0.34,Troubleshooting Guide,Installing
v0.34,Troubleshooting Guide,Loggingin
v0.34,Troubleshooting Guide,Running
v0.34,Troubleshooting Guide,Timezones
v0.34,Users Guide,01 What Is Metabase
v0.34,Users Guide,02 Database Basics
v0.34,Users Guide,03 Basic Exploration
v0.34,Users Guide,04 Asking Questions
v0.34,Users Guide,05 Visualizing Results
v0.34,Users Guide,06 Sharing Answers
v0.34,Users Guide,07 Dashboards
v0.34,Users Guide,08 Dashboard Filters
v0.34,Users Guide,09 Multi Series Charting
v0.34,Users Guide,10 Pulses
v0.34,Users Guide,11 Metabot
v0.34,Users Guide,12 Data Model Reference
v0.34,Users Guide,13 Sql Parameters
v0.34,Users Guide,14 X Rays
v0.34,Users Guide,15 Alerts
v0.34,Users Guide,Custom Questions
v0.34,Users Guide,Start
v0.34,Users Guide,Writing Sql
v0.35,Administration Guide,01 Managing Databases
v0.35,Administration Guide,02 Setting Up Email
v0.35,Administration Guide,03 Metadata Editing
v0.35,Administration Guide,04 Managing Users
v0.35,Administration Guide,05 Setting Permissions
v0.35,Administration Guide,06 Collections
v0.35,Administration Guide,07 Segments and Metrics
v0.35,Administration Guide,08 Configuration Settings
v0.35,Administration Guide,09 Setting Up Slack
v0.35,Administration Guide,10 Single Sign On
v0.35,Administration Guide,11 Getting Started Guide
v0.35,Administration Guide,12 Public Links
v0.35,Administration Guide,13 Embedding
v0.35,Administration Guide,14 Caching
v0.35,Administration Guide,15 Whitelabeling
v0.35,Administration Guide,16 Authenticating With Saml
v0.35,Administration Guide,17 Data Sandboxes
v0.35,Administration Guide,18 Authenticating With Jwt
v0.35,Administration Guide,19 Formatting Settings
v0.35,Administration Guide,20 Custom Maps
v0.35,Administration Guide,Bigquery
v0.35,Administration Guide,Mongodb
v0.35,Administration Guide,Mysql
v0.35,Administration Guide,Oracle
v0.35,Administration Guide,Vertica
v0.35,Administration Guide,Start
v0.35,Table of Contents,Api Documentation
v0.35,Table of Contents,Code Reviews
v0.35,Table of Contents,Contributing
v0.35,Table of Contents,Data Warehousing
v0.35,Table of Contents,Developers Guide Drivers
v0.35,Table of Contents,Developers Guide Osx
v0.35,Table of Contents,Developers Guide
v0.35,Enterprise Guide,Activating the Enterprise Edition
v0.35,Enterprise Guide,Audit
v0.35,Enterprise Guide,Authenticating With Jwt
v0.35,Enterprise Guide,Authenticating With Saml
v0.35,Enterprise Guide,Customizing Drill Through
v0.35,Enterprise Guide,Data Sandboxes
v0.35,Enterprise Guide,Full App Embedding
v0.35,Enterprise Guide,Serialization
v0.35,Enterprise Guide,Start
v0.35,Enterprise Guide,Whitelabeling
v0.35,Table of Contents,Faq
v0.35,FAQ,Can I Request a New Feature
v0.35,FAQ,Do We Need a Data Processing Agreement
v0.35,FAQ,Does Metabase Do X
v0.35,FAQ,Does Metabase Have Access to My Companys Data
v0.35,FAQ,How Do I Ask for Help
v0.35,FAQ,Is Metabase 508 Compliant
v0.35,FAQ,Supported Browsers
v0.35,FAQ,What if I Find a Bug
v0.35,FAQ,What Languages Can Be Used With Metabase
v0.35,FAQ,How Do I Integrate With Sso
v0.35,FAQ,I Am Having Trouble Running Metabase
v0.35,FAQ,What Is H2
v0.35,FAQ,When Should I Migrate H2
v0.35,FAQ,Which Databases Does Metabase Support
v0.35,FAQ,Start
v0.35,FAQ,Cant Access Data I Need
v0.35,FAQ,How Do I Answer Questions When Data Is in Multiple Databases
v0.35,FAQ,How Do I Answer Questions With Joins
v0.35,FAQ,How Do I Ask Questions
v0.35,FAQ,How Do I Reset My Password
v0.35,FAQ,I Am Not Getting Email Notifications
v0.35,Table of Contents,Getting Started
v0.35,Table of Contents,Information Collection
v0.35,Operations Guide,Backing Up Metabase Application Data
v0.35,Operations Guide,Changing Password Complexity
v0.35,Operations Guide,Changing Session Expiration
v0.35,Operations Guide,Configuring Application Database
v0.35,Operations Guide,Customizing Jetty Webserver
v0.35,Operations Guide,Enable Jmx
v0.35,Operations Guide,Encrypting Database Details at Rest
v0.35,Operations Guide,Environment Variables
v0.35,Operations Guide,Handling Timezones
v0.35,Operations Guide,Installing Metabase
v0.35,Operations Guide,Java Versions
v0.35,Operations Guide,Jmx Monitoring
v0.35,Operations Guide,Log Configuration
v0.35,Operations Guide,Migrating From H2
v0.35,Operations Guide,Running Metabase on Debian
v0.35,Operations Guide,Running Metabase on Docker
v0.35,Operations Guide,Running Metabase on Elastic Beanstalk Old
v0.35,Operations Guide,Running Metabase on Elastic Beanstalk
v0.35,Operations Guide,Running Metabase on Heroku
v0.35,Operations Guide,Running Metabase on Kubernetes
v0.35,Operations Guide,Running Migrations Manually
v0.35,Operations Guide,Running the Metabase Jar File
v0.35,Operations Guide,Running the Metabase Mac App
v0.35,Operations Guide,Start
v0.35,Operations Guide,Upgrading Metabase
v0.35,Table of Contents,README
v0.35,Table of Contents,Setting Up Metabase
v0.35,Troubleshooting Guide,Application Database
v0.35,Troubleshooting Guide,Bugs
v0.35,Troubleshooting Guide,Datawarehouse
v0.35,Troubleshooting Guide,Docker
v0.35,Troubleshooting Guide,Email
v0.35,Troubleshooting Guide,Index
v0.35,Troubleshooting Guide,Installing
v0.35,Troubleshooting Guide,Loggingin
v0.35,Troubleshooting Guide,Proxies
v0.35,Troubleshooting Guide,Running
v0.35,Troubleshooting Guide,Timezones
v0.35,Users Guide,01 What Is Metabase
v0.35,Users Guide,02 Database Basics
v0.35,Users Guide,03 Basic Exploration
v0.35,Users Guide,04 Asking Questions
v0.35,Users Guide,05 Visualizing Results
v0.35,Users Guide,06 Sharing Answers
v0.35,Users Guide,07 Dashboards
v0.35,Users Guide,08 Dashboard Filters
v0.35,Users Guide,09 Multi Series Charting
v0.35,Users Guide,10 Pulses
v0.35,Users Guide,11 Metabot
v0.35,Users Guide,12 Data Model Reference
v0.35,Users Guide,13 Sql Parameters
v0.35,Users Guide,14 X Rays
v0.35,Users Guide,15 Alerts
v0.35,Users Guide,Custom Questions
v0.35,Users Guide,Expressions
v0.35,Users Guide,Start
v0.35,Users Guide,Writing Sql
v0.36,Administration Guide,01 Managing Databases
v0.36,Administration Guide,02 Setting Up Email
v0.36,Administration Guide,03 Metadata Editing
v0.36,Administration Guide,04 Managing Users
v0.36,Administration Guide,05 Setting Permissions
v0.36,Administration Guide,06 Collections
v0.36,Administration Guide,07 Segments and Metrics
v0.36,Administration Guide,08 Configuration Settings
v0.36,Administration Guide,09 Setting Up Slack
v0.36,Administration Guide,10 Single Sign On
v0.36,Administration Guide,11 Getting Started Guide
v0.36,Administration Guide,12 Public Links
v0.36,Administration Guide,13 Embedding
v0.36,Administration Guide,14 Caching
v0.36,Administration Guide,15 Whitelabeling
v0.36,Administration Guide,16 Authenticating With Saml
v0.36,Administration Guide,17 Data Sandboxes
v0.36,Administration Guide,18 Authenticating With Jwt
v0.36,Administration Guide,19 Formatting Settings
v0.36,Administration Guide,20 Custom Maps
v0.36,Administration Guide,Bigquery
v0.36,Administration Guide,Mongodb
v0.36,Administration Guide,Mysql
v0.36,Administration Guide,Oracle
v0.36,Administration Guide,Snowflake
v0.36,Administration Guide,Vertica
v0.36,Administration Guide,Localization
v0.36,Administration Guide,Start
v0.36,Table of Contents,Api Documentation
v0.36,Table of Contents,Code Reviews
v0.36,Table of Contents,Contributing
v0.36,Table of Contents,Data Warehousing
v0.36,Table of Contents,Developers Guide Drivers
v0.36,Table of Contents,Developers Guide Osx
v0.36,Table of Contents,Developers Guide
v0.36,Enterprise Guide,Activating the Enterprise Edition
v0.36,Enterprise Guide,Audit
v0.36,Enterprise Guide,Authenticating With Jwt
v0.36,Enterprise Guide,Authenticating With Saml
v0.36,Enterprise Guide,Customizing Drill Through
v0.36,Enterprise Guide,Data Sandboxes
v0.36,Enterprise Guide,Full App Embedding
v0.36,Enterprise Guide,Serialization
v0.36,Enterprise Guide,Sql Snippets
v0.36,Enterprise Guide,Start
v0.36,Enterprise Guide,Whitelabeling
v0.36,Table of Contents,Faq
v0.36,FAQ,Can I Request a New Feature
v0.36,FAQ,Do We Need a Data Processing Agreement
v0.36,FAQ,Does Metabase Do X
v0.36,FAQ,Does Metabase Have Access to My Companys Data
v0.36,FAQ,How Do I Ask for Help
v0.36,FAQ,Is Metabase 508 Compliant
v0.36,FAQ,Supported Browsers
v0.36,FAQ,What if I Find a Bug
v0.36,FAQ,What Languages Can Be Used With Metabase
v0.36,FAQ,How Do I Integrate With Sso
v0.36,FAQ,I Am Having Trouble Running Metabase
v0.36,FAQ,What Is H2
v0.36,FAQ,When Should I Migrate H2
v0.36,FAQ,Which Databases Does Metabase Support
v0.36,FAQ,Start
v0.36,FAQ,Cant Access Data I Need
v0.36,FAQ,How Do I Answer Questions When Data Is in Multiple Databases
v0.36,FAQ,How Do I Answer Questions With Joins
v0.36,FAQ,How Do I Ask Questions
v0.36,FAQ,How Do I Reset My Password
v0.36,FAQ,I Am Not Getting Email Notifications
v0.36,Table of Contents,Getting Started
v0.36,Table of Contents,Information Collection
v0.36,Operations Guide,Backing Up Metabase Application Data
v0.36,Operations Guide,Changing Password Complexity
v0.36,Operations Guide,Changing Session Expiration
v0.36,Operations Guide,Configuring Application Database
v0.36,Operations Guide,Customizing Jetty Webserver
v0.36,Operations Guide,Enable Jmx
v0.36,Operations Guide,Encrypting Database Details at Rest
v0.36,Operations Guide,Environment Variables
v0.36,Operations Guide,Handling Timezones
v0.36,Operations Guide,Installing Metabase
v0.36,Operations Guide,Java Versions
v0.36,Operations Guide,Jmx Monitoring
v0.36,Operations Guide,Log Configuration
v0.36,Operations Guide,Migrating From H2
v0.36,Operations Guide,Running Metabase on Debian
v0.36,Operations Guide,Running Metabase on Docker
v0.36,Operations Guide,Running Metabase on Elastic Beanstalk Old
v0.36,Operations Guide,Running Metabase on Elastic Beanstalk
v0.36,Operations Guide,Running Metabase on Heroku
v0.36,Operations Guide,Running Metabase on Kubernetes
v0.36,Operations Guide,Running Migrations Manually
v0.36,Operations Guide,Running the Metabase Jar File
v0.36,Operations Guide,Running the Metabase Mac App
v0.36,Operations Guide,Start
v0.36,Operations Guide,Upgrading Metabase
v0.36,Table of Contents,README
v0.36,Table of Contents,Setting Up Metabase
v0.36,Troubleshooting Guide,Application Database
v0.36,Troubleshooting Guide,Bugs
v0.36,Troubleshooting Guide,Datawarehouse
v0.36,Troubleshooting Guide,Docker
v0.36,Troubleshooting Guide,Email
v0.36,Troubleshooting Guide,Index
v0.36,Troubleshooting Guide,Installing
v0.36,Troubleshooting Guide,Loggingin
v0.36,Troubleshooting Guide,Proxies
v0.36,Troubleshooting Guide,Running
v0.36,Troubleshooting Guide,Timezones
v0.36,Users Guide,01 What Is Metabase
v0.36,Users Guide,02 Database Basics
v0.36,Users Guide,03 Basic Exploration
v0.36,Users Guide,04 Asking Questions
v0.36,Users Guide,05 Visualizing Results
v0.36,Users Guide,06 Sharing Answers
v0.36,Users Guide,07 Dashboards
v0.36,Users Guide,08 Dashboard Filters
v0.36,Users Guide,09 Multi Series Charting
v0.36,Users Guide,10 Pulses
v0.36,Users Guide,11 Metabot
v0.36,Users Guide,12 Data Model Reference
v0.36,Users Guide,13 Sql Parameters
v0.36,Users Guide,14 X Rays
v0.36,Users Guide,15 Alerts
v0.36,Users Guide,Custom Questions
v0.36,Users Guide,Expressions
v0.36,Users Guide,Sql Snippets
v0.36,Users Guide,Start
v0.36,Users Guide,Writing Sql
v0.37,Administration Guide,01 Managing Databases
v0.37,Administration Guide,02 Setting Up Email
v0.37,Administration Guide,03 Metadata Editing
v0.37,Administration Guide,04 Managing Users
v0.37,Administration Guide,05 Setting Permissions
v0.37,Administration Guide,06 Collections
v0.37,Administration Guide,07 Segments and Metrics
v0.37,Administration Guide,08 Configuration Settings
v0.37,Administration Guide,09 Setting Up Slack
v0.37,Administration Guide,10 Single Sign On
v0.37,Administration Guide,11 Getting Started Guide
v0.37,Administration Guide,12 Public Links
v0.37,Administration Guide,13 Embedding
v0.37,Administration Guide,14 Caching
v0.37,Administration Guide,15 Whitelabeling
v0.37,Administration Guide,16 Authenticating With Saml
v0.37,Administration Guide,17 Data Sandboxes
v0.37,Administration Guide,18 Authenticating With Jwt
v0.37,Administration Guide,19 Formatting Settings
v0.37,Administration Guide,20 Custom Maps
v0.37,Administration Guide,Bigquery
v0.37,Administration Guide,Mongodb
v0.37,Administration Guide,Mysql
v0.37,Administration Guide,Oracle
v0.37,Administration Guide,Snowflake
v0.37,Administration Guide,Vertica
v0.37,Administration Guide,Localization
v0.37,Administration Guide,Start
v0.37,Table of Contents,Api Documentation
v0.37,Table of Contents,Code Reviews
v0.37,Table of Contents,Contributing
v0.37,Table of Contents,Developers Guide Drivers
v0.37,Table of Contents,Developers Guide Osx
v0.37,Table of Contents,Developers Guide
v0.37,Enterprise Guide,Activating the Enterprise Edition
v0.37,Enterprise Guide,Audit
v0.37,Enterprise Guide,Authenticating With Jwt
v0.37,Enterprise Guide,Authenticating With Saml
v0.37,Enterprise Guide,Customizing Drill Through
v0.37,Enterprise Guide,Data Sandboxes
v0.37,Enterprise Guide,Full App Embedding
v0.37,Enterprise Guide,Serialization
v0.37,Enterprise Guide,Sql Snippets
v0.37,Enterprise Guide,Start
v0.37,Enterprise Guide,Whitelabeling
v0.37,Table of Contents,Faq
v0.37,FAQ,Can I Request a New Feature
v0.37,FAQ,Do We Need a Data Processing Agreement
v0.37,FAQ,Does Metabase Do X
v0.37,FAQ,Does Metabase Have Access to My Companys Data
v0.37,FAQ,How Do I Ask for Help
v0.37,FAQ,Is Metabase 508 Compliant
v0.37,FAQ,Supported Browsers
v0.37,FAQ,What if I Find a Bug
v0.37,FAQ,What Languages Can Be Used With Metabase
v0.37,FAQ,How Do I Integrate With Sso
v0.37,FAQ,I Am Having Trouble Running Metabase
v0.37,FAQ,What Is H2
v0.37,FAQ,When Should I Migrate H2
v0.37,FAQ,Which Databases Does Metabase Support
v0.37,FAQ,Start
v0.37,FAQ,Cant Access Data I Need
v0.37,FAQ,How Do I Answer Questions When Data Is in Multiple Databases
v0.37,FAQ,How Do I Answer Questions With Joins
v0.37,FAQ,How Do I Ask Questions
v0.37,FAQ,How Do I Reset My Password
v0.37,FAQ,I Am Not Getting Email Notifications
v0.37,Table of Contents,Getting Started
v0.37,Table of Contents,Information Collection
v0.37,Operations Guide,Backing Up Metabase Application Data
v0.37,Operations Guide,Changing Password Complexity
v0.37,Operations Guide,Changing Session Expiration
v0.37,Operations Guide,Configuring Application Database
v0.37,Operations Guide,Customizing Jetty Webserver
v0.37,Operations Guide,Enable Jmx
v0.37,Operations Guide,Encrypting Database Details at Rest
v0.37,Operations Guide,Environment Variables
v0.37,Operations Guide,Handling Timezones
v0.37,Operations Guide,Installing Metabase
v0.37,Operations Guide,Java Versions
v0.37,Operations Guide,Jmx Monitoring
v0.37,Operations Guide,Log Configuration
v0.37,Operations Guide,Migrating From H2
v0.37,Operations Guide,Running Metabase on Debian
v0.37,Operations Guide,Running Metabase on Docker
v0.37,Operations Guide,Running Metabase on Elastic Beanstalk Old
v0.37,Operations Guide,Running Metabase on Elastic Beanstalk
v0.37,Operations Guide,Running Metabase on Heroku
v0.37,Operations Guide,Running Metabase on Kubernetes
v0.37,Operations Guide,Running Migrations Manually
v0.37,Operations Guide,Running the Metabase Jar File
v0.37,Operations Guide,Running the Metabase Mac App
v0.37,Operations Guide,Start
v0.37,Operations Guide,Upgrading Metabase
v0.37,Table of Contents,README
v0.37,Table of Contents,Setting Up Metabase
v0.37,Troubleshooting Guide,Application Database
v0.37,Troubleshooting Guide,Bugs
v0.37,Troubleshooting Guide,Datawarehouse
v0.37,Troubleshooting Guide,Docker
v0.37,Troubleshooting Guide,Email
v0.37,Troubleshooting Guide,Index
v0.37,Troubleshooting Guide,Installing
v0.37,Troubleshooting Guide,Loggingin
v0.37,Troubleshooting Guide,Proxies
v0.37,Troubleshooting Guide,Running
v0.37,Troubleshooting Guide,Timezones
v0.37,Users Guide,01 What Is Metabase
v0.37,Users Guide,02 Database Basics
v0.37,Users Guide,03 Basic Exploration
v0.37,Users Guide,04 Asking Questions
v0.37,Users Guide,05 Visualizing Results
v0.37,Users Guide,06 Sharing Answers
v0.37,Users Guide,07 Dashboards
v0.37,Users Guide,08 Dashboard Filters
v0.37,Users Guide,09 Multi Series Charting
v0.37,Users Guide,10 Pulses
v0.37,Users Guide,11 Metabot
v0.37,Users Guide,12 Data Model Reference
v0.37,Users Guide,13 Sql Parameters
v0.37,Users Guide,14 X Rays
v0.37,Users Guide,15 Alerts
v0.37,Users Guide,Custom Questions
v0.37,Users Guide,Expressions
v0.37,Users Guide,Interactive Dashboards
v0.37,Users Guide,Sql Snippets
v0.37,Users Guide,Start
v0.37,Users Guide,Writing Sql
v0.38,Administration Guide,01 Managing Databases
v0.38,Administration Guide,02 Setting Up Email
v0.38,Administration Guide,03 Metadata Editing
v0.38,Administration Guide,04 Managing Users
v0.38,Administration Guide,05 Setting Permissions
v0.38,Administration Guide,06 Collections
v0.38,Administration Guide,07 Segments and Metrics
v0.38,Administration Guide,08 Configuration Settings
v0.38,Administration Guide,09 Setting Up Slack
v0.38,Administration Guide,10 Single Sign On
v0.38,Administration Guide,11 Getting Started Guide
v0.38,Administration Guide,12 Public Links
v0.38,Administration Guide,13 Embedding
v0.38,Administration Guide,14 Caching
v0.38,Administration Guide,15 Whitelabeling
v0.38,Administration Guide,16 Authenticating With Saml
v0.38,Administration Guide,17 Data Sandboxes
v0.38,Administration Guide,18 Authenticating With Jwt
v0.38,Administration Guide,19 Formatting Settings
v0.38,Administration Guide,20 Custom Maps
v0.38,Administration Guide,Bigquery
v0.38,Administration Guide,Mongodb
v0.38,Administration Guide,Mysql
v0.38,Administration Guide,Oracle
v0.38,Administration Guide,Snowflake
v0.38,Administration Guide,Vertica
v0.38,Administration Guide,Localization
v0.38,Administration Guide,Start
v0.38,Table of Contents,Api Documentation
v0.38,Table of Contents,Code Reviews
v0.38,Table of Contents,Contributing
v0.38,Table of Contents,Developers Guide Drivers
v0.38,Table of Contents,Developers Guide Osx
v0.38,Table of Contents,Developers Guide Vscode
v0.38,Table of Contents,Developers Guide
v0.38,Enterprise Guide,Activating the Enterprise Edition
v0.38,Enterprise Guide,Audit
v0.38,Enterprise Guide,Authenticating With Jwt
v0.38,Enterprise Guide,Authenticating With Saml
v0.38,Enterprise Guide,Customizing Drill Through
v0.38,Enterprise Guide,Data Sandboxes
v0.38,Enterprise Guide,Full App Embedding
v0.38,Enterprise Guide,Serialization
v0.38,Enterprise Guide,Sql Snippets
v0.38,Enterprise Guide,Start
v0.38,Enterprise Guide,Whitelabeling
v0.38,Table of Contents,Faq
v0.38,FAQ,Can I Request a New Feature
v0.38,FAQ,Do We Need a Data Processing Agreement
v0.38,FAQ,Does Metabase Do X
v0.38,FAQ,Does Metabase Have Access to My Companys Data
v0.38,FAQ,How Do I Ask for Help
v0.38,FAQ,Is Metabase 508 Compliant
v0.38,FAQ,Supported Browsers
v0.38,FAQ,What if I Find a Bug
v0.38,FAQ,What Languages Can Be Used With Metabase
v0.38,FAQ,How Do I Integrate With Sso
v0.38,FAQ,I Am Having Trouble Running Metabase
v0.38,FAQ,What Is H2
v0.38,FAQ,When Should I Migrate H2
v0.38,FAQ,Which Databases Does Metabase Support
v0.38,FAQ,Start
v0.38,FAQ,Cant Access Data I Need
v0.38,FAQ,How Do I Answer Questions When Data Is in Multiple Databases
v0.38,FAQ,How Do I Answer Questions With Joins
v0.38,FAQ,How Do I Ask Questions
v0.38,FAQ,How Do I Reset My Password
v0.38,FAQ,I Am Not Getting Email Notifications
v0.38,Table of Contents,Getting Started
v0.38,Table of Contents,Information Collection
v0.38,Operations Guide,Advanced Topics for Running Metabase in AWS ElasticBeanstalk
v0.38,Operations Guide,Backing Up Metabase Application Data
v0.38,Operations Guide,Changing Password Complexity
v0.38,Operations Guide,Changing Session Expiration
v0.38,Operations Guide,Configuring Application Database
v0.38,Operations Guide,Creating RDS Database on AWS
v0.38,Operations Guide,Customizing Jetty Webserver
v0.38,Operations Guide,Enable Jmx
v0.38,Operations Guide,Encrypting Database Details at Rest
v0.38,Operations Guide,Environment Variables
v0.38,Operations Guide,Handling Timezones
v0.38,Operations Guide,Installing Metabase
v0.38,Operations Guide,Java Versions
v0.38,Operations Guide,Jmx Monitoring
v0.38,Operations Guide,Log Configuration
v0.38,Operations Guide,Migrating From H2
v0.38,Operations Guide,Running Metabase on Debian
v0.38,Operations Guide,Running Metabase on Docker
v0.38,Operations Guide,Running Metabase on Elastic Beanstalk Old
v0.38,Operations Guide,Running Metabase on Elastic Beanstalk
v0.38,Operations Guide,Running Metabase on Heroku
v0.38,Operations Guide,Running Metabase on Kubernetes
v0.38,Operations Guide,Running Migrations Manually
v0.38,Operations Guide,Running the Metabase Jar File
v0.38,Operations Guide,Running the Metabase Mac App
v0.38,Operations Guide,Start
v0.38,Operations Guide,Upgrading Metabase
v0.38,Table of Contents,README
v0.38,Table of Contents,Setting Up Metabase
v0.38,Troubleshooting Guide,Application Database
v0.38,Troubleshooting Guide,Bugs
v0.38,Troubleshooting Guide,Datawarehouse
v0.38,Troubleshooting Guide,Docker
v0.38,Troubleshooting Guide,Email
v0.38,Troubleshooting Guide,Index
v0.38,Troubleshooting Guide,Installing
v0.38,Troubleshooting Guide,Loggingin
v0.38,Troubleshooting Guide,Proxies
v0.38,Troubleshooting Guide,Running
v0.38,Troubleshooting Guide,Timezones
v0.38,Users Guide,01 What Is Metabase
v0.38,Users Guide,02 Database Basics
v0.38,Users Guide,03 Basic Exploration
v0.38,Users Guide,04 Asking Questions
v0.38,Users Guide,05 Visualizing Results
v0.38,Users Guide,06 Sharing Answers
v0.38,Users Guide,07 Dashboards
v0.38,Users Guide,08 Dashboard Filters
v0.38,Users Guide,09 Multi Series Charting
v0.38,Users Guide,10 Pulses
v0.38,Users Guide,11 Metabot
v0.38,Users Guide,12 Data Model Reference
v0.38,Users Guide,13 Sql Parameters
v0.38,Users Guide,14 X Rays
v0.38,Users Guide,15 Alerts
v0.38,Users Guide,Custom Questions
v0.38,Users Guide,Dashboard Subscriptions
v0.38,Users Guide,Expressions
v0.38,Users Guide,Interactive Dashboards
v0.38,Users Guide,Referencing Saved Questions in Queries
v0.38,Users Guide,Sql Snippets
v0.38,Users Guide,Start
v0.38,Users Guide,Writing Sql
v0.39,Administration Guide,01 Managing Databases
v0.39,Administration Guide,02 Setting Up Email
v0.39,Administration Guide,03 Metadata Editing
v0.39,Administration Guide,04 Managing Users
v0.39,Administration Guide,05 Setting Permissions
v0.39,Administration Guide,06 Collections
v0.39,Administration Guide,07 Segments and Metrics
v0.39,Administration Guide,08 Configuration Settings
v0.39,Administration Guide,09 Setting Up Slack
v0.39,Administration Guide,10 Single Sign On
v0.39,Administration Guide,11 Getting Started Guide
v0.39,Administration Guide,12 Public Links
v0.39,Administration Guide,13 Embedding
v0.39,Administration Guide,14 Caching
v0.39,Administration Guide,15 Whitelabeling
v0.39,Administration Guide,16 Authenticating With Saml
v0.39,Administration Guide,17 Data Sandboxes
v0.39,Administration Guide,18 Authenticating With Jwt
v0.39,Administration Guide,19 Formatting Settings
v0.39,Administration Guide,20 Custom Maps
v0.39,Administration Guide,Aws Rds
v0.39,Administration Guide,Bigquery
v0.39,Administration Guide,Mongodb
v0.39,Administration Guide,Mysql
v0.39,Administration Guide,Oracle
v0.39,Administration Guide,Snowflake
v0.39,Administration Guide,Vertica
v0.39,Administration Guide,Localization
v0.39,Administration Guide,Ssh Tunnel for Database Connections
v0.39,Administration Guide,Start
v0.39,Table of Contents,Api Documentation
v0.39,Table of Contents,Code Reviews
v0.39,Table of Contents,Contributing
v0.39,Table of Contents,Developers Guide Drivers
v0.39,Table of Contents,Developers Guide Osx
v0.39,Table of Contents,Developers Guide Vscode
v0.39,Table of Contents,Developers Guide
v0.39,Enterprise Guide,Activating the Enterprise Edition
v0.39,Enterprise Guide,Audit
v0.39,Enterprise Guide,Authenticating With Jwt
v0.39,Enterprise Guide,Authenticating With Saml
v0.39,Enterprise Guide,Customizing Drill Through
v0.39,Enterprise Guide,Dashboard Subscriptions
v0.39,Enterprise Guide,Data Sandboxes
v0.39,Enterprise Guide,Full App Embedding
v0.39,Enterprise Guide,Serialization
v0.39,Enterprise Guide,Sql Snippets
v0.39,Enterprise Guide,Start
v0.39,Enterprise Guide,Whitelabeling
v0.39,Table of Contents,Faq
v0.39,FAQ,Can I Request a New Feature
v0.39,FAQ,Do We Need a Data Processing Agreement
v0.39,FAQ,Does Metabase Do X
v0.39,FAQ,Does Metabase Have Access to My Companys Data
v0.39,FAQ,How Do I Ask for Help
v0.39,FAQ,Is Metabase 508 Compliant
v0.39,FAQ,Supported Browsers
v0.39,FAQ,What if I Find a Bug
v0.39,FAQ,What Languages Can Be Used With Metabase
v0.39,FAQ,How Do I Integrate With Sso
v0.39,FAQ,I Am Having Trouble Running Metabase
v0.39,FAQ,What Is H2
v0.39,FAQ,When Should I Migrate H2
v0.39,FAQ,Which Databases Does Metabase Support
v0.39,FAQ,Start
v0.39,FAQ,Cant Access Data I Need
v0.39,FAQ,How Do I Answer Questions When Data Is in Multiple Databases
v0.39,FAQ,How Do I Answer Questions With Joins
v0.39,FAQ,How Do I Ask Questions
v0.39,FAQ,How Do I Reset My Password
v0.39,FAQ,I Am Not Getting Email Notifications
v0.39,Table of Contents,Getting Started
v0.39,Table of Contents,Information Collection
v0.39,Operations Guide,Advanced Topics for Running Metabase in AWS ElasticBeanstalk
v0.39,Operations Guide,Backing Up Metabase Application Data
v0.39,Operations Guide,Changing Password Complexity
v0.39,Operations Guide,Changing Session Expiration
v0.39,Operations Guide,Configuring Application Database
v0.39,Operations Guide,Creating RDS Database on AWS
v0.39,Operations Guide,Customizing Jetty Webserver
v0.39,Operations Guide,Enable Jmx
v0.39,Operations Guide,Encrypting Database Details at Rest
v0.39,Operations Guide,Environment Variables
v0.39,Operations Guide,Handling Timezones
v0.39,Operations Guide,Installing Metabase
v0.39,Operations Guide,Java Versions
v0.39,Operations Guide,Jmx Monitoring
v0.39,Operations Guide,Log Configuration
v0.39,Operations Guide,Migrating From H2
v0.39,Operations Guide,Running Metabase on Debian
v0.39,Operations Guide,Running Metabase on Docker
v0.39,Operations Guide,Running Metabase on Elastic Beanstalk Old
v0.39,Operations Guide,Running Metabase on Elastic Beanstalk
v0.39,Operations Guide,Running Metabase on Heroku
v0.39,Operations Guide,Running Metabase on Kubernetes
v0.39,Operations Guide,Running Migrations Manually
v0.39,Operations Guide,Running the Metabase Jar File
v0.39,Operations Guide,Running the Metabase Mac App
v0.39,Operations Guide,Start
v0.39,Operations Guide,Upgrading Metabase
v0.39,Table of Contents,README
v0.39,Table of Contents,Setting Up Metabase
v0.39,Troubleshooting Guide,Application Database
v0.39,Troubleshooting Guide,Bugs
v0.39,Troubleshooting Guide,Datawarehouse
v0.39,Troubleshooting Guide,Docker
v0.39,Troubleshooting Guide,Email
v0.39,Troubleshooting Guide,Index
v0.39,Troubleshooting Guide,Installing
v0.39,Troubleshooting Guide,Ldap
v0.39,Troubleshooting Guide,Loggingin
v0.39,Troubleshooting Guide,Proxies
v0.39,Troubleshooting Guide,Running
v0.39,Troubleshooting Guide,Timezones
v0.39,Users Guide,01 What Is Metabase
v0.39,Users Guide,02 Database Basics
v0.39,Users Guide,03 Basic Exploration
v0.39,Users Guide,04 Asking Questions
v0.39,Users Guide,05 Visualizing Results
v0.39,Users Guide,06 Sharing Answers
v0.39,Users Guide,07 Dashboards
v0.39,Users Guide,08 Dashboard Filters
v0.39,Users Guide,09 Multi Series Charting
v0.39,Users Guide,10 Pulses
v0.39,Users Guide,11 Metabot
v0.39,Users Guide,12 Data Model Reference
v0.39,Users Guide,13 Sql Parameters
v0.39,Users Guide,14 X Rays
v0.39,Users Guide,15 Alerts
v0.39,Users Guide,Account Settings
v0.39,Users Guide,Custom Questions
v0.39,Users Guide,Dashboard Subscriptions
v0.39,Users Guide,Expressions
v0.39,Users Guide,Interactive Dashboards
v0.39,Users Guide,Referencing Saved Questions in Queries
v0.39,Users Guide,Sql Snippets
v0.39,Users Guide,Start
v0.39,Users Guide,Writing Sql
v0.40,Administration Guide,01 Managing Databases
v0.40,Administration Guide,02 Setting Up Email
v0.40,Administration Guide,03 Metadata Editing
v0.40,Administration Guide,04 Managing Users
v0.40,Administration Guide,05 Setting Permissions
v0.40,Administration Guide,06 Collections
v0.40,Administration Guide,07 Segments and Metrics
v0.40,Administration Guide,08 Configuration Settings
v0.40,Administration Guide,09 Setting Up Slack
v0.40,Administration Guide,10 Single Sign On
v0.40,Administration Guide,11 Getting Started Guide
v0.40,Administration Guide,12 Public Links
v0.40,Administration Guide,13 Embedding
v0.40,Administration Guide,14 Caching
v0.40,Administration Guide,15 Whitelabeling
v0.40,Administration Guide,16 Authenticating With Saml
v0.40,Administration Guide,17 Data Sandboxes
v0.40,Administration Guide,18 Authenticating With Jwt
v0.40,Administration Guide,19 Formatting Settings
v0.40,Administration Guide,20 Custom Maps
v0.40,Administration Guide,Aws Rds
v0.40,Administration Guide,Bigquery
v0.40,Administration Guide,Mongodb
v0.40,Administration Guide,Mysql
v0.40,Administration Guide,Oracle
v0.40,Administration Guide,Snowflake
v0.40,Administration Guide,Vertica
v0.40,Administration Guide,Localization
v0.40,Administration Guide,Secure Database Connections With Ssl Certificates
v0.40,Administration Guide,Ssh Tunnel for Database Connections
v0.40,Administration Guide,Start
v0.40,Table of Contents,Api Documentation
v0.40,Table of Contents,Code Reviews
v0.40,Table of Contents,Contributing
v0.40,Table of Contents,Developers E2e Tests
v0.40,Table of Contents,Developers Guide Drivers
v0.40,Table of Contents,Developers Guide Osx
v0.40,Table of Contents,Developers Guide Vscode
v0.40,Table of Contents,Developers Guide
v0.40,Enterprise Guide,Activating the Enterprise Edition
v0.40,Enterprise Guide,Audit
v0.40,Enterprise Guide,Authenticating With Jwt
v0.40,Enterprise Guide,Authenticating With Saml Azure Ad
v0.40,Enterprise Guide,Authenticating With Saml
v0.40,Enterprise Guide,Customizing Drill Through
v0.40,Enterprise Guide,Dashboard Subscriptions
v0.40,Enterprise Guide,Data Sandboxes
v0.40,Enterprise Guide,Full App Embedding
v0.40,Enterprise Guide,Saml Auth0
v0.40,Enterprise Guide,Serialization
v0.40,Enterprise Guide,Sql Snippets
v0.40,Enterprise Guide,Start
v0.40,Enterprise Guide,Whitelabeling
v0.40,Table of Contents,Faq
v0.40,FAQ,Can I Request a New Feature
v0.40,FAQ,Do We Need a Data Processing Agreement
v0.40,FAQ,Does Metabase Do X
v0.40,FAQ,Does Metabase Have Access to My Companys Data
v0.40,FAQ,How Do I Ask for Help
v0.40,FAQ,Is Metabase 508 Compliant
v0.40,FAQ,Supported Browsers
v0.40,FAQ,What if I Find a Bug
v0.40,FAQ,What Languages Can Be Used With Metabase
v0.40,FAQ,How Do I Integrate With Sso
v0.40,FAQ,I Am Having Trouble Running Metabase
v0.40,FAQ,What Is H2
v0.40,FAQ,When Should I Migrate H2
v0.40,FAQ,Which Databases Does Metabase Support
v0.40,FAQ,Start
v0.40,FAQ,Cant Access Data I Need
v0.40,FAQ,How Do I Answer Questions When Data Is in Multiple Databases
v0.40,FAQ,How Do I Answer Questions With Joins
v0.40,FAQ,How Do I Ask Questions
v0.40,FAQ,How Do I Reset My Password
v0.40,FAQ,I Am Not Getting Email Notifications
v0.40,Table of Contents,Getting Started
v0.40,Table of Contents,Information Collection
v0.40,Operations Guide,Advanced Topics for Running Metabase in AWS ElasticBeanstalk
v0.40,Operations Guide,Backing Up Metabase Application Data
v0.40,Operations Guide,Changing Password Complexity
v0.40,Operations Guide,Changing Session Expiration
v0.40,Operations Guide,Configuring Application Database
v0.40,Operations Guide,Creating RDS Database on AWS
v0.40,Operations Guide,Customizing Jetty Webserver
v0.40,Operations Guide,Enable Jmx
v0.40,Operations Guide,Encrypting Database Details at Rest
v0.40,Operations Guide,Environment Variables
v0.40,Operations Guide,Handling Timezones
v0.40,Operations Guide,Installing Metabase
v0.40,Operations Guide,Java Versions
v0.40,Operations Guide,Jmx Monitoring
v0.40,Operations Guide,Log Configuration
v0.40,Operations Guide,Migrating From H2
v0.40,Operations Guide,Running Metabase on Azure
v0.40,Operations Guide,Running Metabase on Debian
v0.40,Operations Guide,Running Metabase on Docker
v0.40,Operations Guide,Running Metabase on Elastic Beanstalk
v0.40,Operations Guide,Running Metabase on Heroku
v0.40,Operations Guide,Running Metabase on Kubernetes
v0.40,Operations Guide,Running Migrations Manually
v0.40,Operations Guide,Running the Metabase Jar File
v0.40,Operations Guide,Running the Metabase Mac App
v0.40,Operations Guide,Start
v0.40,Operations Guide,Upgrading Metabase
v0.40,Table of Contents,README
v0.40,Table of Contents,Setting Up Metabase
v0.40,Troubleshooting Guide,Application Database
v0.40,Troubleshooting Guide,Bugs
v0.40,Troubleshooting Guide,Cant Log In
v0.40,Troubleshooting Guide,Cant See Tables
v0.40,Troubleshooting Guide,Cant Send Email
v0.40,Troubleshooting Guide,Datawarehouse
v0.40,Troubleshooting Guide,Docker
v0.40,Troubleshooting Guide,Filters
v0.40,Troubleshooting Guide,Index
v0.40,Troubleshooting Guide,Ldap
v0.40,Troubleshooting Guide,Linked Filters
v0.40,Troubleshooting Guide,Loading From H2
v0.40,Troubleshooting Guide,Loggingin
v0.40,Troubleshooting Guide,My Dashboard Is Slow
v0.40,Troubleshooting Guide,Proxies
v0.40,Troubleshooting Guide,Running
v0.40,Troubleshooting Guide,Sandboxing
v0.40,Troubleshooting Guide,Server Logs
v0.40,Troubleshooting Guide,Sync Fingerprint Scan
v0.40,Troubleshooting Guide,Times Appear Incorrect
v0.40,Users Guide,01 What Is Metabase
v0.40,Users Guide,02 Database Basics
v0.40,Users Guide,03 Basic Exploration
v0.40,Users Guide,04 Asking Questions
v0.40,Users Guide,05 Visualizing Results
v0.40,Users Guide,06 Sharing Answers
v0.40,Users Guide,07 Dashboards
v0.40,Users Guide,08 Dashboard Filters
v0.40,Users Guide,09 Multi Series Charting
v0.40,Users Guide,10 Pulses
v0.40,Users Guide,11 Metabot
v0.40,Users Guide,12 Data Model Reference
v0.40,Users Guide,13 Sql Parameters
v0.40,Users Guide,14 X Rays
v0.40,Users Guide,15 Alerts
v0.40,Users Guide,Account Settings
v0.40,Users Guide,Custom Questions
v0.40,Users Guide,Dashboard Subscriptions
v0.40,Users Guide,Expressions
v0.40,Users Guide,Interactive Dashboards
v0.40,Users Guide,Referencing Saved Questions in Queries
v0.40,Users Guide,Sql Snippets
v0.40,Users Guide,Start
v0.40,Users Guide,Writing Sql
v0.41,Administration Guide,01 Managing Databases
v0.41,Administration Guide,02 Setting Up Email
v0.41,Administration Guide,03 Metadata Editing
v0.41,Administration Guide,04 Managing Users
v0.41,Administration Guide,05 Setting Permissions
v0.41,Administration Guide,06 Collections
v0.41,Administration Guide,07 Segments and Metrics
v0.41,Administration Guide,08 Configuration Settings
v0.41,Administration Guide,09 Setting Up Slack
v0.41,Administration Guide,10 Single Sign On
v0.41,Administration Guide,11 Getting Started Guide
v0.41,Administration Guide,12 Public Links
v0.41,Administration Guide,13 Embedding
v0.41,Administration Guide,14 Caching
v0.41,Administration Guide,15 Whitelabeling
v0.41,Administration Guide,16 Authenticating With Saml
v0.41,Administration Guide,17 Data Sandboxes
v0.41,Administration Guide,18 Authenticating With Jwt
v0.41,Administration Guide,19 Formatting Settings
v0.41,Administration Guide,20 Custom Maps
v0.41,Administration Guide,Data Permissions
v0.41,Administration Guide,Aws Rds
v0.41,Administration Guide,Bigquery
v0.41,Administration Guide,Google Analytics
v0.41,Administration Guide,Mongodb
v0.41,Administration Guide,Mysql
v0.41,Administration Guide,Oracle
v0.41,Administration Guide,Snowflake
v0.41,Administration Guide,Vertica
v0.41,Administration Guide,Localization
v0.41,Administration Guide,Secure Database Connections With Ssl Certificates
v0.41,Administration Guide,Ssh Tunnel for Database Connections
v0.41,Administration Guide,Start
v0.41,Table of Contents,Api Documentation
v0.41,Table of Contents,Code Reviews
v0.41,Table of Contents,Contributing
v0.41,Table of Contents,Developers Guide Drivers
v0.41,Table of Contents,Developers Guide
v0.41,Developers Guide,Build
v0.41,Developers Guide,Contributing
v0.41,Developers Guide,Devenv
v0.41,Developers Guide,E2e Tests
v0.41,Developers Guide,Frontend
v0.41,Developers Guide,Internationalization
v0.41,Developers Guide,Start
v0.41,Developers Guide,Visual Tests
v0.41,Enterprise Guide,Activating the Enterprise Edition
v0.41,Enterprise Guide,Audit
v0.41,Enterprise Guide,Authenticating With Jwt
v0.41,Enterprise Guide,Authenticating With Saml Azure Ad
v0.41,Enterprise Guide,Authenticating With Saml
v0.41,Enterprise Guide,Cache
v0.41,Enterprise Guide,Customizing Drill Through
v0.41,Enterprise Guide,Dashboard Subscriptions
v0.41,Enterprise Guide,Data Sandboxes
v0.41,Enterprise Guide,Full App Embedding
v0.41,Enterprise Guide,Saml Auth0
v0.41,Enterprise Guide,Serialization
v0.41,Enterprise Guide,Sql Snippets
v0.41,Enterprise Guide,Start
v0.41,Enterprise Guide,Tools
v0.41,Enterprise Guide,Whitelabeling
v0.41,Table of Contents,Faq
v0.41,FAQ,Can I Request a New Feature
v0.41,FAQ,Do We Need a Data Processing Agreement
v0.41,FAQ,Does Metabase Do X
v0.41,FAQ,Does Metabase Have Access to My Companys Data
v0.41,FAQ,How Do I Ask for Help
v0.41,FAQ,Is Metabase 508 Compliant
v0.41,FAQ,Supported Browsers
v0.41,FAQ,What if I Find a Bug
v0.41,FAQ,What Languages Can Be Used With Metabase
v0.41,FAQ,How Do I Integrate With Sso
v0.41,FAQ,I Am Having Trouble Running Metabase
v0.41,FAQ,What Is H2
v0.41,FAQ,When Should I Migrate H2
v0.41,FAQ,Which Databases Does Metabase Support
v0.41,FAQ,Start
v0.41,FAQ,Cant Access Data I Need
v0.41,FAQ,How Do I Answer Questions When Data Is in Multiple Databases
v0.41,FAQ,How Do I Answer Questions With Joins
v0.41,FAQ,How Do I Ask Questions
v0.41,FAQ,How Do I Reset My Password
v0.41,FAQ,I Am Not Getting Email Notifications
v0.41,Table of Contents,Information Collection
v0.41,Operations Guide,Advanced Topics for Running Metabase in AWS ElasticBeanstalk
v0.41,Operations Guide,Backing Up Metabase Application Data
v0.41,Operations Guide,Changing Password Complexity
v0.41,Operations Guide,Changing Session Expiration
v0.41,Operations Guide,Configuring Application Database
v0.41,Operations Guide,Creating RDS Database on AWS
v0.41,Operations Guide,Customizing Jetty Webserver
v0.41,Operations Guide,Enable Jmx
v0.41,Operations Guide,Encrypting Database Details at Rest
v0.41,Operations Guide,Environment Variables
v0.41,Operations Guide,Handling Timezones
v0.41,Operations Guide,Installing Metabase
v0.41,Operations Guide,Java Versions
v0.41,Operations Guide,Jmx Monitoring
v0.41,Operations Guide,Log Configuration
v0.41,Operations Guide,Migrating From H2
v0.41,Operations Guide,Running Metabase on Azure
v0.41,Operations Guide,Running Metabase on Debian
v0.41,Operations Guide,Running Metabase on Docker
v0.41,Operations Guide,Running Metabase on Elastic Beanstalk
v0.41,Operations Guide,Running Metabase on Heroku
v0.41,Operations Guide,Running Migrations Manually
v0.41,Operations Guide,Running the Metabase Jar File
v0.41,Operations Guide,Running the Metabase Mac App
v0.41,Operations Guide,Start
v0.41,Operations Guide,Upgrading Metabase
v0.41,Table of Contents,README
v0.41,Table of Contents,Setting Up Metabase
v0.41,Troubleshooting Guide,Bugs
v0.41,Troubleshooting Guide,Cant Log In
v0.41,Troubleshooting Guide,Cant See Tables
v0.41,Troubleshooting Guide,Cant Send Email
v0.41,Troubleshooting Guide,Datawarehouse
v0.41,Troubleshooting Guide,Docker
v0.41,Troubleshooting Guide,Filters
v0.41,Troubleshooting Guide,Index
v0.41,Troubleshooting Guide,Ldap
v0.41,Troubleshooting Guide,Linked Filters
v0.41,Troubleshooting Guide,Loading From H2
v0.41,Troubleshooting Guide,Loggingin
v0.41,Troubleshooting Guide,My Dashboard Is Slow
v0.41,Troubleshooting Guide,Permissions
v0.41,Troubleshooting Guide,Proxies
v0.41,Troubleshooting Guide,Running
v0.41,Troubleshooting Guide,Sandboxing
v0.41,Troubleshooting Guide,Server Logs
v0.41,Troubleshooting Guide,Sync Fingerprint Scan
v0.41,Troubleshooting Guide,Timezones
v0.41,Users Guide,01 What Is Metabase
v0.41,Users Guide,03 Basic Exploration
v0.41,Users Guide,04 Asking Questions
v0.41,Users Guide,05 Visualizing Results
v0.41,Users Guide,06 Sharing Answers
v0.41,Users Guide,07 Dashboards
v0.41,Users Guide,08 Dashboard Filters
v0.41,Users Guide,09 Multi Series Charting
v0.41,Users Guide,10 Pulses
v0.41,Users Guide,11 Metabot
v0.41,Users Guide,12 Data Model Reference
v0.41,Users Guide,13 Sql Parameters
v0.41,Users Guide,14 X Rays
v0.41,Users Guide,15 Alerts
v0.41,Users Guide,Account Settings
v0.41,Users Guide,Collections
v0.41,Users Guide,Custom Questions
v0.41,Users Guide,Dashboard Subscriptions
v0.41,Users Guide,Expressions List
v0.41,Users Guide,Expressions
v0.41,Users Guide,Field Types
v0.41,Users Guide,Interactive Dashboards
v0.41,Users Guide,Referencing Saved Questions in Queries
v0.41,Users Guide,Sql Snippets
v0.41,Users Guide,Start
v0.41,Users Guide,Writing Sql
v0.42,Table of Contents,Accessibility
v0.42,Administration Guide,01 Managing Databases
v0.42,Administration Guide,02 Setting Up Email
v0.42,Administration Guide,03 Metadata Editing
v0.42,Administration Guide,04 Managing Users
v0.42,Administration Guide,05 Setting Permissions
v0.42,Administration Guide,06 Collections
v0.42,Administration Guide,07 Segments and Metrics
v0.42,Administration Guide,08 Configuration Settings
v0.42,Administration Guide,09 Setting Up Slack
v0.42,Administration Guide,10 Single Sign On
v0.42,Administration Guide,11 Getting Started Guide
v0.42,Administration Guide,12 Public Links
v0.42,Administration Guide,13 Embedding
v0.42,Administration Guide,14 Caching
v0.42,Administration Guide,15 Whitelabeling
v0.42,Administration Guide,16 Authenticating With Saml
v0.42,Administration Guide,17 Data Sandboxes
v0.42,Administration Guide,18 Authenticating With Jwt
v0.42,Administration Guide,19 Formatting Settings
v0.42,Administration Guide,20 Custom Maps
v0.42,Administration Guide,Data Permissions
v0.42,Administration Guide,Aws Rds
v0.42,Administration Guide,Bigquery
v0.42,Administration Guide,Google Analytics
v0.42,Administration Guide,H2
v0.42,Administration Guide,Mongodb
v0.42,Administration Guide,Mysql
v0.42,Administration Guide,Oracle
v0.42,Administration Guide,Postgresql
v0.42,Administration Guide,Snowflake
v0.42,Administration Guide,Vertica
v0.42,Administration Guide,Localization
v0.42,Administration Guide,Secure Database Connections With Ssl Certificates
v0.42,Administration Guide,Ssh Tunnel for Database Connections
v0.42,Administration Guide,Sso
v0.42,Administration Guide,Start
v0.42,Administration Guide,Supported Browsers
v0.42,Table of Contents,Api Documentation
v0.42,Table of Contents,Code Reviews
v0.42,Table of Contents,Contributing
v0.42,Table of Contents,Developers Guide Drivers
v0.42,Table of Contents,Developers Guide
v0.42,Developers Guide,Build
v0.42,Developers Guide,Clojure
v0.42,Developers Guide,Contributing
v0.42,Developers Guide,Dev Branch Docker
v0.42,Developers Guide,Devenv
v0.42,Developers Guide,Driver Changelog
v0.42,Developers Guide,Basics
v0.42,Developers Guide,Driver Tests
v0.42,Developers Guide,Multimethods
v0.42,Developers Guide,Plugins
v0.42,Developers Guide,Start
v0.42,Developers Guide,E2e Tests
v0.42,Developers Guide,Emacs
v0.42,Developers Guide,Frontend
v0.42,Developers Guide,Internationalization
v0.42,Developers Guide,Start
v0.42,Developers Guide,Visual Studio Code
v0.42,Developers Guide,Visual Tests
v0.42,Enterprise Guide,Activating the Enterprise Edition
v0.42,Enterprise Guide,Audit
v0.42,Enterprise Guide,Authenticating With Jwt
v0.42,Enterprise Guide,Authenticating With Saml Azure Ad
v0.42,Enterprise Guide,Authenticating With Saml
v0.42,Enterprise Guide,Cache
v0.42,Enterprise Guide,Customizing Drill Through
v0.42,Enterprise Guide,Dashboard Subscriptions
v0.42,Enterprise Guide,Data Sandboxes
v0.42,Enterprise Guide,Full App Embedding
v0.42,Enterprise Guide,Saml Auth0
v0.42,Enterprise Guide,Serialization
v0.42,Enterprise Guide,Sql Snippets
v0.42,Enterprise Guide,Start
v0.42,Enterprise Guide,Tools
v0.42,Enterprise Guide,Whitelabeling
v0.42,Table of Contents,Information Collection
v0.42,Operations Guide,Advanced Topics for Running Metabase in AWS ElasticBeanstalk
v0.42,Operations Guide,Backing Up Metabase Application Data
v0.42,Operations Guide,Changing Password Complexity
v0.42,Operations Guide,Changing Session Expiration
v0.42,Operations Guide,Configuring Application Database
v0.42,Operations Guide,Creating RDS Database on AWS
v0.42,Operations Guide,Customizing Jetty Webserver
v0.42,Operations Guide,Enable Jmx
v0.42,Operations Guide,Encrypting Database Details at Rest
v0.42,Operations Guide,Environment Variables
v0.42,Operations Guide,Handling Timezones
v0.42,Operations Guide,Installing Metabase
v0.42,Operations Guide,Java Versions
v0.42,Operations Guide,Jmx Monitoring
v0.42,Operations Guide,Log Configuration
v0.42,Operations Guide,Migrating From H2
v0.42,Operations Guide,Running Metabase on Azure
v0.42,Operations Guide,Running Metabase on Debian
v0.42,Operations Guide,Running Metabase on Docker
v0.42,Operations Guide,Running Metabase on Elastic Beanstalk
v0.42,Operations Guide,Running Metabase on Heroku
v0.42,Operations Guide,Running Migrations Manually
v0.42,Operations Guide,Running the Metabase Jar File
v0.42,Operations Guide,Start
v0.42,Operations Guide,Upgrading Metabase
v0.42,Table of Contents,Privacy
v0.42,Table of Contents,README
v0.42,Table of Contents,Setting Up Metabase
v0.42,Troubleshooting Guide,Bigquery Drive
v0.42,Troubleshooting Guide,Bugs
v0.42,Troubleshooting Guide,Cant Log In
v0.42,Troubleshooting Guide,Cant See Tables
v0.42,Troubleshooting Guide,Cant Send Email
v0.42,Troubleshooting Guide,Datawarehouse
v0.42,Troubleshooting Guide,Docker
v0.42,Troubleshooting Guide,Filters
v0.42,Troubleshooting Guide,Index
v0.42,Troubleshooting Guide,Ldap
v0.42,Troubleshooting Guide,Linked Filters
v0.42,Troubleshooting Guide,Loading From H2
v0.42,Troubleshooting Guide,My Dashboard Is Slow
v0.42,Troubleshooting Guide,Permissions
v0.42,Troubleshooting Guide,Proxies
v0.42,Troubleshooting Guide,Requesting New Features
v0.42,Troubleshooting Guide,Running
v0.42,Troubleshooting Guide,Saml
v0.42,Troubleshooting Guide,Sandboxing
v0.42,Troubleshooting Guide,Server Logs
v0.42,Troubleshooting Guide,Sync Fingerprint Scan
v0.42,Troubleshooting Guide,Timezones
v0.42,Users Guide,01 What Is Metabase
v0.42,Users Guide,03 Basic Exploration
v0.42,Users Guide,04 Asking Questions
v0.42,Users Guide,05 Visualizing Results
v0.42,Users Guide,06 Sharing Answers
v0.42,Users Guide,07 Dashboards
v0.42,Users Guide,08 Dashboard Filters
v0.42,Users Guide,09 Multi Series Charting
v0.42,Users Guide,12 Data Model Reference
v0.42,Users Guide,13 Sql Parameters
v0.42,Users Guide,14 X Rays
v0.42,Users Guide,15 Alerts
v0.42,Users Guide,Account Settings
v0.42,Users Guide,Collections
v0.42,Users Guide,Dashboard Subscriptions
v0.42,Users Guide,Expressions List
v0.42,Users Guide,Expressions
v0.42,Users Guide,Field Types
v0.42,Users Guide,Interactive Dashboards
v0.42,Users Guide,Join
v0.42,Users Guide,Models
v0.42,Users Guide,Referencing Saved Questions in Queries
v0.42,Users Guide,Sql Snippets
v0.42,Users Guide,Start
v0.42,Users Guide,Writing Sql
v0.43,Table of Contents,Accessibility in Metabase
v0.43,Administration Guide,Adding and managing databases
v0.43,Administration Guide,Setting up email
v0.43,Administration Guide,The Data Model page
v0.43,Administration Guide,Managing people and groups
v0.43,Administration Guide,Permissions overview
v0.43,Administration Guide,Collection permissions
v0.43,Administration Guide,Creating custom segments and metrics
v0.43,Administration Guide,General settings
v0.43,Administration Guide,Setting up Slack
v0.43,Administration Guide,Authenticating with Google Sign-In or LDAP
v0.43,Administration Guide,Sharing and embedding dashboards or questions
v0.43,Administration Guide,Embedding Metabase in other applications
v0.43,Administration Guide,Caching query results
v0.43,Administration Guide,White labeling Metabase
v0.43,Administration Guide,Authenticating with SAML
v0.43,Administration Guide,Sandboxing your data
v0.43,Administration Guide,JWT-based Authentication
v0.43,Administration Guide,Setting default formatting for your data
v0.43,Administration Guide,Custom maps
v0.43,Administration Guide,Application permissions
v0.43,Administration Guide,Data permissions
v0.43,Administration Guide,Connecting to AWS's Relational Database Service (RDS)
v0.43,Administration Guide,Working with Google BigQuery in Metabase
v0.43,Administration Guide,Working with Google Analytics in Metabase
v0.43,Administration Guide,H2
v0.43,Administration Guide,Working with MongoDB in Metabase
v0.43,Administration Guide,Working with MySQL in Metabase
v0.43,Administration Guide,Working with Oracle in Metabase
v0.43,Administration Guide,Connecting to a PostgreSQL database
v0.43,Administration Guide,Redshift
v0.43,Administration Guide,Snowflake
v0.43,Administration Guide,Working with Vertica in Metabase
v0.43,Administration Guide,Languages and localization
v0.43,Administration Guide,Securing database connections using an SSL certificate
v0.43,Administration Guide,SSH tunneling in Metabase
v0.43,Administration Guide,Setting up Single Sign-on (SSO)
v0.43,Administration Guide,Administration guide
v0.43,Administration Guide,Supported browsers
v0.43,Table of Contents,API Documentation
v0.43,Api,Activity
v0.43,Api,Alert
v0.43,Api,Automagic dashboards
v0.43,Api,Bookmark
v0.43,Api,Card
v0.43,Api,Collection
v0.43,Api,Dashboard
v0.43,Api,Database
v0.43,Api,Dataset
v0.43,Api,Advanced permissions application
v0.43,Api,Audit app user
v0.43,Api,Content management review
v0.43,Api,Sandbox GTAP
v0.43,Api,Sandbox table
v0.43,Api,Sandbox user
v0.43,Api,SSO
v0.43,Api,Email
v0.43,Api,Embed
v0.43,Api,Field
v0.43,Api,GeoJSON
v0.43,Api,LDAP
v0.43,Api,Login history
v0.43,Api,Metric
v0.43,Api,Native query snippet
v0.43,Api,Notify
v0.43,Api,Permissions
v0.43,Api,Premium features
v0.43,Api,Preview embed
v0.43,Api,Public
v0.43,Api,Pulse
v0.43,Api,Revision
v0.43,Api,Search
v0.43,Api,Segment
v0.43,Api,Session
v0.43,Api,Setting
v0.43,Api,Setup
v0.43,Api,Slack
v0.43,Api,Table
v0.43,Api,Task
v0.43,Api,Tiles
v0.43,Api,Timeline event
v0.43,Api,Timeline
v0.43,Api,Transform
v0.43,Api,User
v0.43,Api,Util
v0.43,Table of Contents,Code reviews
v0.43,Table of Contents,Thank you
v0.43,Table of Contents,Partner and community drivers
v0.43,Table of Contents,Developer's guide
v0.43,Developers Guide,Building Metabase
v0.43,Developers Guide,Working with Clojure
v0.43,Developers Guide,Contributing
v0.43,Developers Guide,How to run a development branch of Metabase using Docker
v0.43,Developers Guide,Development environment
v0.43,Developers Guide,Driver interface changelog
v0.43,Developers Guide,Database driver basics
v0.43,Developers Guide,Submitting a PR for a new driver
v0.43,Developers Guide,Implementing multimethods for your driver
v0.43,Developers Guide,Plugin manifests
v0.43,Developers Guide,Guide to writing a Metabase driver
v0.43,Developers Guide,End-to-end tests with Cypress
v0.43,Developers Guide,Developing Metabase with Emacs
v0.43,Developers Guide,Frontend
v0.43,Developers Guide,Internationalization
v0.43,Developers Guide,Developer's Guide
v0.43,Developers Guide,Developing with Visual Studio Code
v0.43,Developers Guide,Visual Tests
v0.43,Enterprise Guide,Activating your Metabase commercial license
v0.43,Enterprise Guide,Audit logs
v0.43,Enterprise Guide,JWT-based authentication
v0.43,Enterprise Guide,Using Azure AD as the Identity Provider with Metabase and SAML
v0.43,Enterprise Guide,Authenticating with SAML
v0.43,Enterprise Guide,Advanced caching controls
v0.43,Enterprise Guide,Interactive dashboards
v0.43,Enterprise Guide,Customize filter values for each dashboard subscription
v0.43,Enterprise Guide,Data sandboxes
v0.43,Enterprise Guide,Embedding all of Metabase in your web app
v0.43,Enterprise Guide,Setting up SAML with Auth0
v0.43,Enterprise Guide,Setting up SAML with Google
v0.43,Enterprise Guide,Setting up SAML with Keycloak
v0.43,Enterprise Guide,Serialization: copying contents of one Metabase instance to another
v0.43,Enterprise Guide,SQL snippet folders and permissions
v0.43,Enterprise Guide,Enterprise and Pro plans
v0.43,Enterprise Guide,Admin tools
v0.43,Enterprise Guide,White labeling Metabase
v0.43,Table of Contents,About the information we collect
v0.43,Operations Guide,Advanced topics for running Metabase on Elastic Beanstalk
v0.43,Operations Guide,Backing up Metabase application data
v0.43,Operations Guide,Changing Metabase password complexity
v0.43,Operations Guide,Changing session expiration
v0.43,Operations Guide,Configuring the Metabase application aatabase
v0.43,Operations Guide,Creating RDS database on AWS
v0.43,Operations Guide,Customizing the Metabase Jetty webserver
v0.43,Operations Guide,Monitoring your Metabase
v0.43,Operations Guide,Encrypting your database connection details at rest
v0.43,Operations Guide,Environment variables
v0.43,Operations Guide,Handling timezones in Metabase
v0.43,Operations Guide,Installing Metabase
v0.43,Operations Guide,Java Versions
v0.43,Operations Guide,Monitoring via JMX
v0.43,Operations Guide,Metabase logs
v0.43,Operations Guide,Migrating from the default H2 database to a production database
v0.43,Operations Guide,Running Metabase on Microsoft Azure
v0.43,Operations Guide,Running Metabase on Debian as a service with nginx
v0.43,Operations Guide,Running Metabase on Docker
v0.43,Operations Guide,Running Metabase on AWS Elastic Beanstalk
v0.43,Operations Guide,Running Metabase on Heroku
v0.43,Operations Guide,Running Metabase database migrations manually
v0.43,Operations Guide,Running the Metabase JAR file
v0.43,Operations Guide,Operations Guide
v0.43,Operations Guide,Upgrading Metabase
v0.43,Table of Contents,Privacy
v0.43,Table of Contents,Getting started
v0.43,Table of Contents,Setting up Metabase
v0.43,Troubleshooting Guide,Troubleshooting BigQuery and Google Drive connections in Metabase
v0.43,Troubleshooting Guide,Reporting a bug
v0.43,Troubleshooting Guide,People can't log in to Metabase
v0.43,Troubleshooting Guide,I can't see my tables
v0.43,Troubleshooting Guide,Metabase isn't sending email
v0.43,Troubleshooting Guide,Connecting to databases
v0.43,Troubleshooting Guide,Running Metabase on Docker
v0.43,Troubleshooting Guide,Troubleshooting error messages
v0.43,Troubleshooting Guide,My dashboard filters don't work
v0.43,Troubleshooting Guide,What are you having trouble with?
v0.43,Troubleshooting Guide,LDAP
v0.43,Troubleshooting Guide,My linked filters don't work
v0.43,Troubleshooting Guide,Using or migrating from an H2 application database
v0.43,Troubleshooting Guide,My dashboard is slow
v0.43,Troubleshooting Guide,Fixing permissions issues
v0.43,Troubleshooting Guide,"Can't save questions or dashboards, or getting a blank page"
v0.43,Troubleshooting Guide,How to request new features
v0.43,Troubleshooting Guide,Running Metabase
v0.43,Troubleshooting Guide,Troubleshooting SAML authentication setup
v0.43,Troubleshooting Guide,Troubleshooting sandbox access to rows and columns
v0.43,Troubleshooting Guide,How to read the server logs
v0.43,Troubleshooting Guide,Troubleshooting SQL questions
v0.43,Troubleshooting Guide,Troubleshooting syncs and scans
v0.43,Troubleshooting Guide,The dates and times in my questions and charts are wrong
v0.43,Users Guide,What is Metabase?
v0.43,Users Guide,Exploring in Metabase
v0.43,Users Guide,Asking questions
v0.43,Users Guide,Visualizing results
v0.43,Users Guide,Saving and editing your questions
v0.43,Users Guide,Dashboards
v0.43,Users Guide,Dashboard filters
v0.43,Users Guide,Charts with multiple series
v0.43,Users Guide,Data reference
v0.43,Users Guide,SQL variables
v0.43,Users Guide,X-rays
v0.43,Users Guide,Getting alerts about questions
v0.43,Users Guide,Account settings
v0.43,Users Guide,Collections
v0.43,Users Guide,Dashboard subscriptions
v0.43,Users Guide,Events and timelines
v0.43,Users Guide,List of expressions
v0.43,Users Guide,Custom expressions in the query builder
v0.43,Users Guide,Field types in Metabase
v0.43,Users Guide,Interactive dashboards
v0.43,Users Guide,Joining data
v0.43,Users Guide,Models
v0.43,Users Guide,Referencing models and saved questions in SQL queries
v0.43,Users Guide,SQL snippets
v0.43,Users Guide,User guide
v0.43,Users Guide,The SQL editor